,collectionDate,InBedsOccAnyPat__Numbeds_Est
0,Day for which estimate is made,"Hospital inpatient bed occupancy, percent estimate (percent of inpatient beds)"
1,01APR2020,54.3
2,02APR2020,54.2
3,03APR2020,52.9
4,04APR2020,51.5
5,05APR2020,51.2
6,06APR2020,52.3
7,07APR2020,53.9
8,08APR2020,54.4
9,09APR2020,54.7
10,10APR2020,54.0
11,11APR2020,52.3
12,12APR2020,51.9
13,13APR2020,52.2
14,14APR2020,53.7
15,15APR2020,53.6
16,16APR2020,53.5
17,17APR2020,53.3
18,18APR2020,52.1
19,19APR2020,51.9
20,20APR2020,53.3
21,21APR2020,55.1
22,22APR2020,55.4
23,23APR2020,55.6
24,24APR2020,55.2
25,25APR2020,54.1
26,26APR2020,53.7
27,27APR2020,55.3
28,28APR2020,56.6
29,29APR2020,57.1
30,30APR2020,56.3
31,01MAY2020,56.2
32,02MAY2020,54.4
33,03MAY2020,53.8
34,04MAY2020,55.2
35,05MAY2020,57.4
36,06MAY2020,58.1
37,07MAY2020,57.7
38,08MAY2020,57.6
39,09MAY2020,55.9
40,10MAY2020,54.6
41,11MAY2020,55.7
42,12MAY2020,58.3
43,13MAY2020,59.3
44,14MAY2020,59.7
45,15MAY2020,59.2
46,16MAY2020,57.6
47,17MAY2020,56.5
48,18MAY2020,57.9
49,19MAY2020,60.6
50,20MAY2020,61.9
51,21MAY2020,61.4
52,22MAY2020,61.0
53,23MAY2020,58.9
54,24MAY2020,57.0
55,25MAY2020,56.9
56,26MAY2020,58.4
57,27MAY2020,61.7
58,28MAY2020,62.3
59,29MAY2020,62.2
60,30MAY2020,60.1
61,31MAY2020,58.4
62,01JUN2020,59.2
63,02JUN2020,61.7
64,03JUN2020,62.9
65,04JUN2020,62.8
66,05JUN2020,62.0
67,06JUN2020,60.2
68,07JUN2020,58.4
69,08JUN2020,59.8
70,09JUN2020,63.4
71,10JUN2020,64.5
72,11JUN2020,64.3
73,12JUN2020,63.7
74,13JUN2020,60.9
75,14JUN2020,59.2
76,15JUN2020,60.3
77,16JUN2020,63.5
78,17JUN2020,64.3
79,18JUN2020,64.4
80,19JUN2020,64.1
81,20JUN2020,61.7
82,21JUN2020,59.1
83,22JUN2020,61.4
84,23JUN2020,65.6
85,24JUN2020,66.7
86,25JUN2020,66.6
87,26JUN2020,65.4
88,27JUN2020,62.3
89,28JUN2020,60.3
90,29JUN2020,62.4
91,30JUN2020,65.5
92,01JUL2020,66.7
93,02JUL2020,66.1
94,03JUL2020,63.2
95,04JUL2020,59.8
96,05JUL2020,59.3
97,06JUL2020,61.4
98,07JUL2020,65.2
99,01APR2020,57.6
100,02APR2020,56.7
101,03APR2020,55.2
102,04APR2020,49.0
103,05APR2020,48.5
104,06APR2020,47.5
105,07APR2020,44.5
106,08APR2020,47.6
107,09APR2020,52.5
108,10APR2020,53.5
109,11APR2020,56.0
110,12APR2020,52.9
111,13APR2020,51.2
112,14APR2020,45.9
113,15APR2020,39.5
114,16APR2020,39.0
115,17APR2020,37.7
116,18APR2020,36.0
117,19APR2020,35.7
118,20APR2020,36.9
119,21APR2020,35.1
120,22APR2020,38.4
121,23APR2020,35.7
122,24APR2020,35.9
123,25APR2020,34.3
124,26APR2020,38.7
125,27APR2020,42.1
126,28APR2020,44.6
127,29APR2020,40.8
128,30APR2020,33.5
129,01MAY2020,43.4
130,02MAY2020,45.3
131,03MAY2020,36.2
132,04MAY2020,37.5
133,05MAY2020,39.7
134,06MAY2020,43.1
135,07MAY2020,46.4
136,08MAY2020,44.7
137,09MAY2020,53.5
138,10MAY2020,54.9
139,11MAY2020,55.6
140,12MAY2020,56.6
141,13MAY2020,57.5
142,14MAY2020,59.9
143,15MAY2020,57.1
144,16MAY2020,56.8
145,17MAY2020,57.2
146,18MAY2020,53.1
147,19MAY2020,56.4
148,20MAY2020,59.8
149,21MAY2020,68.2
150,22MAY2020,65.3
151,23MAY2020,64.1
152,24MAY2020,62.1
153,25MAY2020,55.6
154,26MAY2020,57.5
155,27MAY2020,62.8
156,28MAY2020,51.7
157,29MAY2020,58.2
158,30MAY2020,53.7
159,31MAY2020,53.4
160,01JUN2020,44.6
161,02JUN2020,55.0
162,03JUN2020,37.6
163,04JUN2020,57.5
164,05JUN2020,55.7
165,06JUN2020,60.5
166,07JUN2020,60.0
167,08JUN2020,55.8
168,09JUN2020,61.3
169,10JUN2020,61.0
170,11JUN2020,64.3
171,12JUN2020,62.1
172,13JUN2020,57.7
173,14JUN2020,57.2
174,15JUN2020,57.3
175,16JUN2020,59.5
176,17JUN2020,60.3
177,18JUN2020,60.0
178,19JUN2020,59.9
179,20JUN2020,61.4
180,21JUN2020,56.7
181,22JUN2020,55.7
182,23JUN2020,26.2
183,24JUN2020,53.1
184,25JUN2020,52.5
185,26JUN2020,52.9
186,27JUN2020,55.2
187,28JUN2020,53.3
188,29JUN2020,49.9
189,30JUN2020,54.8
190,01JUL2020,63.7
191,02JUL2020,66.5
192,03JUL2020,62.2
193,04JUL2020,60.3
194,05JUL2020,62.4
195,06JUL2020,60.0
196,07JUL2020,63.3
197,15APR2020,55.4
198,16APR2020,57.5
199,17APR2020,57.0
200,18APR2020,55.3
201,19APR2020,55.8
202,20APR2020,56.3
203,21APR2020,60.0
204,22APR2020,60.9
205,23APR2020,61.1
206,24APR2020,61.2
207,25APR2020,60.2
208,26APR2020,57.7
209,27APR2020,58.0
210,28APR2020,58.7
211,29APR2020,60.7
212,30APR2020,61.1
213,01MAY2020,60.8
214,02MAY2020,58.3
215,03MAY2020,59.3
216,04MAY2020,60.5
217,05MAY2020,64.0
218,06MAY2020,65.5
219,07MAY2020,65.8
220,08MAY2020,64.9
221,09MAY2020,58.6
222,10MAY2020,59.7
223,11MAY2020,61.9
224,12MAY2020,64.5
225,13MAY2020,66.4
226,14MAY2020,66.0
227,15MAY2020,65.3
228,16MAY2020,62.3
229,17MAY2020,60.3
230,18MAY2020,62.7
231,19MAY2020,65.3
232,20MAY2020,67.4
233,21MAY2020,69.3
234,22MAY2020,67.7
235,23MAY2020,63.5
236,24MAY2020,63.2
237,25MAY2020,63.8
238,26MAY2020,65.4
239,27MAY2020,69.7
240,28MAY2020,70.0
241,29MAY2020,69.5
242,30MAY2020,66.6
243,31MAY2020,63.6
244,01JUN2020,64.1
245,02JUN2020,67.6
246,03JUN2020,70.3
247,04JUN2020,72.0
248,05JUN2020,69.3
249,06JUN2020,67.2
250,07JUN2020,66.8
251,08JUN2020,67.8
252,09JUN2020,71.4
253,10JUN2020,73.7
254,11JUN2020,75.5
255,12JUN2020,73.0
256,13JUN2020,69.0
257,14JUN2020,66.9
258,15JUN2020,68.1
259,16JUN2020,72.6
260,17JUN2020,72.5
261,18JUN2020,71.6
262,19JUN2020,71.4
263,20JUN2020,67.5
264,21JUN2020,65.7
265,22JUN2020,69.0
266,23JUN2020,72.9
267,24JUN2020,74.3
268,25JUN2020,74.8
269,26JUN2020,73.8
270,27JUN2020,72.0
271,28JUN2020,70.0
272,29JUN2020,70.5
273,30JUN2020,75.5
274,01JUL2020,76.0
275,02JUL2020,74.4
276,03JUL2020,71.0
277,04JUL2020,66.0
278,05JUL2020,66.1
279,06JUL2020,69.0
280,07JUL2020,73.9
281,01APR2020,48.9
282,02APR2020,48.1
283,03APR2020,46.6
284,04APR2020,44.2
285,05APR2020,43.9
286,06APR2020,44.3
287,07APR2020,46.6
288,08APR2020,46.6
289,09APR2020,47.6
290,10APR2020,44.0
291,11APR2020,43.5
292,12APR2020,42.7
293,13APR2020,44.0
294,14APR2020,46.4
295,15APR2020,46.9
296,16APR2020,46.8
297,17APR2020,46.6
298,18APR2020,45.6
299,19APR2020,45.1
300,20APR2020,44.7
301,21APR2020,46.5
302,22APR2020,47.3
303,23APR2020,47.5
304,24APR2020,45.9
305,25APR2020,45.2
306,26APR2020,45.1
307,27APR2020,46.4
308,28APR2020,48.7
309,29APR2020,48.7
310,30APR2020,49.9
311,01MAY2020,49.2
312,02MAY2020,46.9
313,03MAY2020,47.0
314,04MAY2020,48.7
315,05MAY2020,50.5
316,06MAY2020,50.8
317,07MAY2020,52.2
318,08MAY2020,51.5
319,09MAY2020,49.3
320,10MAY2020,49.5
321,11MAY2020,48.7
322,12MAY2020,50.9
323,13MAY2020,53.7
324,14MAY2020,52.9
325,15MAY2020,53.7
326,16MAY2020,50.9
327,17MAY2020,50.0
328,18MAY2020,51.6
329,19MAY2020,53.5
330,20MAY2020,55.0
331,21MAY2020,57.3
332,22MAY2020,55.9
333,23MAY2020,52.1
334,24MAY2020,50.5
335,25MAY2020,51.1
336,26MAY2020,52.5
337,27MAY2020,56.9
338,28MAY2020,55.3
339,29MAY2020,56.6
340,30MAY2020,52.3
341,31MAY2020,50.7
342,01JUN2020,52.2
343,02JUN2020,53.4
344,03JUN2020,66.2
345,04JUN2020,57.0
346,05JUN2020,57.8
347,06JUN2020,54.1
348,07JUN2020,52.3
349,08JUN2020,54.0
350,09JUN2020,57.9
351,10JUN2020,67.8
352,11JUN2020,57.3
353,12JUN2020,56.4
354,13JUN2020,54.2
355,14JUN2020,52.2
356,15JUN2020,60.9
357,16JUN2020,63.0
358,17JUN2020,61.6
359,18JUN2020,55.2
360,19JUN2020,53.7
361,20JUN2020,50.6
362,21JUN2020,50.7
363,22JUN2020,53.1
364,23JUN2020,62.4
365,24JUN2020,68.2
366,25JUN2020,57.5
367,26JUN2020,55.4
368,27JUN2020,53.3
369,28JUN2020,55.9
370,29JUN2020,55.0
371,30JUN2020,57.9
372,01JUL2020,58.3
373,02JUL2020,58.2
374,03JUL2020,55.4
375,04JUL2020,53.3
376,05JUL2020,53.1
377,06JUL2020,54.2
378,07JUL2020,59.0
379,15APR2020,63.7
380,16APR2020,63.3
381,17APR2020,63.1
382,18APR2020,61.6
383,19APR2020,60.7
384,20APR2020,59.8
385,21APR2020,61.7
386,22APR2020,61.3
387,23APR2020,59.5
388,24APR2020,56.3
389,25APR2020,50.5
390,26APR2020,44.1
391,27APR2020,62.4
392,28APR2020,62.7
393,29APR2020,63.1
394,30APR2020,60.7
395,01MAY2020,58.8
396,02MAY2020,52.7
397,03MAY2020,59.5
398,04MAY2020,59.0
399,05MAY2020,59.7
400,06MAY2020,57.2
401,07MAY2020,50.9
402,08MAY2020,63.4
403,09MAY2020,58.2
404,10MAY2020,52.7
405,11MAY2020,48.0
406,12MAY2020,57.5
407,13MAY2020,51.9
408,14MAY2020,65.2
409,15MAY2020,65.4
410,16MAY2020,64.4
411,17MAY2020,63.5
412,18MAY2020,61.9
413,19MAY2020,66.7
414,20MAY2020,67.0
415,21MAY2020,66.6
416,22MAY2020,71.3
417,23MAY2020,68.0
418,24MAY2020,66.4
419,25MAY2020,59.9
420,26MAY2020,57.7
421,27MAY2020,61.9
422,28MAY2020,63.2
423,29MAY2020,62.6
424,30MAY2020,61.4
425,31MAY2020,58.9
426,01JUN2020,60.7
427,02JUN2020,63.0
428,03JUN2020,66.1
429,04JUN2020,69.5
430,05JUN2020,68.8
431,06JUN2020,68.5
432,07JUN2020,63.3
433,08JUN2020,63.8
434,09JUN2020,67.7
435,10JUN2020,68.2
436,11JUN2020,70.0
437,12JUN2020,69.9
438,13JUN2020,68.4
439,14JUN2020,66.3
440,15JUN2020,68.0
441,16JUN2020,71.7
442,17JUN2020,72.6
443,18JUN2020,72.2
444,19JUN2020,70.7
445,20JUN2020,68.2
446,21JUN2020,67.0
447,22JUN2020,69.0
448,23JUN2020,72.9
449,24JUN2020,73.9
450,25JUN2020,76.2
451,26JUN2020,72.6
452,27JUN2020,70.5
453,28JUN2020,69.6
454,29JUN2020,77.3
455,30JUN2020,78.0
456,01JUL2020,80.3
457,02JUL2020,75.4
458,03JUL2020,74.5
459,04JUL2020,72.8
460,05JUL2020,72.6
461,06JUL2020,74.9
462,07JUL2020,76.8
463,01APR2020,52.5
464,02APR2020,54.9
465,03APR2020,52.0
466,04APR2020,52.3
467,05APR2020,50.4
468,06APR2020,50.7
469,07APR2020,53.5
470,08APR2020,53.8
471,09APR2020,54.1
472,10APR2020,53.4
473,11APR2020,52.0
474,12APR2020,52.8
475,13APR2020,52.4
476,14APR2020,54.0
477,15APR2020,53.3
478,16APR2020,52.9
479,17APR2020,54.5
480,18APR2020,53.8
481,19APR2020,52.6
482,20APR2020,53.5
483,21APR2020,55.0
484,22APR2020,54.7
485,23APR2020,57.1
486,24APR2020,57.6
487,25APR2020,57.5
488,26APR2020,57.4
489,27APR2020,57.8
490,28APR2020,59.2
491,29APR2020,59.5
492,30APR2020,58.7
493,01MAY2020,58.2
494,02MAY2020,56.9
495,03MAY2020,54.3
496,04MAY2020,54.2
497,05MAY2020,57.2
498,06MAY2020,58.6
499,07MAY2020,58.3
500,08MAY2020,58.3
501,09MAY2020,57.7
502,10MAY2020,56.5
503,11MAY2020,56.1
504,12MAY2020,58.9
505,13MAY2020,59.6
506,14MAY2020,59.8
507,15MAY2020,59.7
508,16MAY2020,58.4
509,17MAY2020,57.1
510,18MAY2020,57.1
511,19MAY2020,59.7
512,20MAY2020,60.5
513,21MAY2020,60.6
514,22MAY2020,61.0
515,23MAY2020,60.1
516,24MAY2020,58.3
517,25MAY2020,57.9
518,26MAY2020,58.6
519,27MAY2020,60.4
520,28MAY2020,61.5
521,29MAY2020,62.2
522,30MAY2020,61.0
523,31MAY2020,59.5
524,01JUN2020,59.1
525,02JUN2020,61.6
526,03JUN2020,60.3
527,04JUN2020,62.0
528,05JUN2020,62.6
529,06JUN2020,60.8
530,07JUN2020,59.4
531,08JUN2020,59.8
532,09JUN2020,61.6
533,10JUN2020,62.5
534,11JUN2020,63.2
535,12JUN2020,63.6
536,13JUN2020,62.1
537,14JUN2020,61.4
538,15JUN2020,60.4
539,16JUN2020,62.4
540,17JUN2020,63.3
541,18JUN2020,64.1
542,19JUN2020,62.9
543,20JUN2020,61.6
544,21JUN2020,60.0
545,22JUN2020,60.2
546,23JUN2020,62.4
547,24JUN2020,64.8
548,25JUN2020,65.4
549,26JUN2020,65.9
550,27JUN2020,64.5
551,28JUN2020,63.2
552,29JUN2020,63.2
553,30JUN2020,65.0
554,01JUL2020,65.8
555,02JUL2020,66.5
556,03JUL2020,63.9
557,04JUL2020,61.2
558,05JUL2020,60.1
559,06JUL2020,60.5
560,07JUL2020,64.5
561,15APR2020,48.1
562,16APR2020,49.6
563,17APR2020,49.2
564,18APR2020,49.5
565,19APR2020,48.2
566,20APR2020,49.5
567,21APR2020,53.3
568,22APR2020,53.1
569,23APR2020,52.2
570,24APR2020,51.9
571,25APR2020,50.0
572,26APR2020,46.3
573,27APR2020,49.9
574,28APR2020,51.6
575,29APR2020,53.0
576,30APR2020,51.5
577,01MAY2020,51.8
578,02MAY2020,51.1
579,03MAY2020,47.8
580,04MAY2020,48.6
581,05MAY2020,50.1
582,06MAY2020,48.3
583,07MAY2020,46.7
584,08MAY2020,53.8
585,09MAY2020,48.9
586,10MAY2020,46.4
587,11MAY2020,47.7
588,12MAY2020,49.3
589,13MAY2020,50.0
590,14MAY2020,54.9
591,15MAY2020,54.5
592,16MAY2020,54.3
593,17MAY2020,52.8
594,18MAY2020,51.1
595,19MAY2020,54.0
596,20MAY2020,57.0
597,21MAY2020,55.8
598,22MAY2020,56.5
599,23MAY2020,54.9
600,24MAY2020,51.5
601,25MAY2020,50.0
602,26MAY2020,50.4
603,27MAY2020,52.3
604,28MAY2020,52.7
605,29MAY2020,53.7
606,30MAY2020,52.3
607,31MAY2020,51.7
608,01JUN2020,55.5
609,02JUN2020,53.4
610,03JUN2020,57.9
611,04JUN2020,57.1
612,05JUN2020,57.1
613,06JUN2020,53.6
614,07JUN2020,52.0
615,08JUN2020,56.2
616,09JUN2020,60.0
617,10JUN2020,59.6
618,11JUN2020,61.0
619,12JUN2020,57.7
620,13JUN2020,57.3
621,14JUN2020,56.2
622,15JUN2020,55.2
623,16JUN2020,58.4
624,17JUN2020,58.8
625,18JUN2020,58.7
626,19JUN2020,57.4
627,20JUN2020,56.5
628,21JUN2020,54.5
629,22JUN2020,55.1
630,23JUN2020,56.2
631,24JUN2020,51.1
632,25JUN2020,59.8
633,26JUN2020,57.3
634,27JUN2020,55.7
635,28JUN2020,55.8
636,29JUN2020,54.0
637,30JUN2020,55.4
638,01JUL2020,55.3
639,02JUL2020,57.7
640,03JUL2020,53.8
641,04JUL2020,47.4
642,05JUL2020,48.0
643,06JUL2020,51.3
644,07JUL2020,54.8
645,23APR2020,54.3
646,24APR2020,57.5
647,25APR2020,55.6
648,26APR2020,55.9
649,27APR2020,56.0
650,28APR2020,56.5
651,29APR2020,56.6
652,30APR2020,56.6
653,01MAY2020,55.7
654,02MAY2020,54.8
655,03MAY2020,53.8
656,04MAY2020,55.5
657,05MAY2020,57.0
658,06MAY2020,56.9
659,07MAY2020,56.2
660,08MAY2020,55.2
661,09MAY2020,53.8
662,10MAY2020,53.4
663,11MAY2020,53.0
664,12MAY2020,55.2
665,13MAY2020,55.5
666,14MAY2020,55.8
667,15MAY2020,55.4
668,16MAY2020,54.8
669,17MAY2020,54.6
670,18MAY2020,54.4
671,19MAY2020,56.6
672,20MAY2020,56.8
673,21MAY2020,56.5
674,22MAY2020,56.8
675,23MAY2020,56.0
676,24MAY2020,54.3
677,25MAY2020,54.8
678,26MAY2020,55.3
679,27MAY2020,58.7
680,28MAY2020,58.5
681,29MAY2020,58.3
682,30MAY2020,55.7
683,31MAY2020,54.9
684,01JUN2020,53.9
685,02JUN2020,57.2
686,03JUN2020,58.3
687,04JUN2020,58.6
688,05JUN2020,57.6
689,06JUN2020,56.4
690,07JUN2020,53.5
691,08JUN2020,54.1
692,09JUN2020,57.0
693,10JUN2020,58.2
694,11JUN2020,58.6
695,12JUN2020,57.8
696,13JUN2020,58.5
697,14JUN2020,57.2
698,15JUN2020,56.3
699,16JUN2020,58.9
700,17JUN2020,60.1
701,18JUN2020,61.2
702,19JUN2020,60.5
703,20JUN2020,58.3
704,21JUN2020,56.1
705,22JUN2020,56.9
706,23JUN2020,60.2
707,24JUN2020,62.3
708,25JUN2020,62.7
709,26JUN2020,62.3
710,27JUN2020,60.3
711,28JUN2020,57.7
712,29JUN2020,58.0
713,30JUN2020,64.6
714,01JUL2020,64.7
715,02JUL2020,64.3
716,03JUL2020,65.3
717,04JUL2020,63.2
718,05JUL2020,61.9
719,06JUL2020,64.0
720,07JUL2020,69.3
721,01APR2020,61.8
722,02APR2020,63.2
723,03APR2020,62.2
724,04APR2020,56.1
725,05APR2020,57.9
726,06APR2020,59.1
727,07APR2020,60.9
728,08APR2020,60.4
729,09APR2020,64.0
730,10APR2020,60.9
731,11APR2020,61.1
732,12APR2020,61.7
733,13APR2020,62.4
734,14APR2020,63.2
735,15APR2020,65.0
736,16APR2020,64.6
737,17APR2020,63.7
738,18APR2020,63.0
739,19APR2020,62.1
740,20APR2020,66.8
741,21APR2020,67.6
742,22APR2020,69.3
743,23APR2020,67.6
744,24APR2020,64.4
745,25APR2020,65.9
746,26APR2020,66.5
747,27APR2020,67.3
748,28APR2020,71.4
749,29APR2020,74.5
750,30APR2020,68.9
751,01MAY2020,70.9
752,02MAY2020,70.1
753,03MAY2020,65.4
754,04MAY2020,69.8
755,05MAY2020,66.4
756,06MAY2020,71.3
757,07MAY2020,68.6
758,08MAY2020,66.9
759,09MAY2020,69.8
760,10MAY2020,68.9
761,11MAY2020,69.5
762,12MAY2020,67.4
763,13MAY2020,68.2
764,14MAY2020,67.8
765,15MAY2020,67.6
766,16MAY2020,71.0
767,17MAY2020,76.1
768,18MAY2020,69.9
769,19MAY2020,70.9
770,20MAY2020,76.2
771,21MAY2020,73.6
772,22MAY2020,70.2
773,23MAY2020,69.6
774,24MAY2020,70.3
775,25MAY2020,71.8
776,26MAY2020,72.6
777,27MAY2020,71.4
778,28MAY2020,74.0
779,29MAY2020,72.3
780,30MAY2020,72.3
781,31MAY2020,71.3
782,01JUN2020,71.6
783,02JUN2020,73.7
784,03JUN2020,72.4
785,04JUN2020,73.6
786,05JUN2020,71.5
787,06JUN2020,68.7
788,07JUN2020,70.5
789,08JUN2020,68.8
790,09JUN2020,74.7
791,10JUN2020,79.3
792,11JUN2020,73.6
793,12JUN2020,75.1
794,13JUN2020,68.8
795,14JUN2020,70.9
796,15JUN2020,70.3
797,16JUN2020,75.6
798,17JUN2020,76.2
799,18JUN2020,73.1
800,19JUN2020,69.2
801,20JUN2020,69.3
802,21JUN2020,68.6
803,22JUN2020,70.1
804,23JUN2020,72.0
805,24JUN2020,74.8
806,25JUN2020,73.5
807,26JUN2020,74.3
808,27JUN2020,71.3
809,28JUN2020,69.5
810,29JUN2020,70.3
811,30JUN2020,71.5
812,01JUL2020,71.9
813,02JUL2020,70.0
814,03JUL2020,69.0
815,04JUL2020,68.6
816,05JUL2020,68.7
817,06JUL2020,67.7
818,07JUL2020,71.5
819,01APR2020,52.0
820,02APR2020,60.0
821,03APR2020,55.6
822,04APR2020,54.0
823,05APR2020,52.7
824,06APR2020,53.2
825,07APR2020,54.7
826,08APR2020,55.3
827,09APR2020,61.2
828,10APR2020,60.2
829,11APR2020,65.1
830,12APR2020,65.1
831,13APR2020,67.2
832,14APR2020,58.3
833,15APR2020,56.8
834,16APR2020,57.0
835,17APR2020,58.5
836,18APR2020,59.0
837,19APR2020,58.7
838,20APR2020,60.3
839,21APR2020,63.7
840,22APR2020,65.4
841,23APR2020,66.1
842,24APR2020,66.7
843,25APR2020,65.8
844,26APR2020,66.6
845,27APR2020,67.8
846,28APR2020,69.4
847,29APR2020,55.9
848,30APR2020,57.4
849,01MAY2020,66.1
850,02MAY2020,63.4
851,03MAY2020,65.2
852,04MAY2020,66.1
853,05MAY2020,68.7
854,06MAY2020,67.6
855,07MAY2020,67.1
856,08MAY2020,67.0
857,09MAY2020,65.7
858,10MAY2020,65.1
859,11MAY2020,65.1
860,12MAY2020,66.8
861,13MAY2020,66.8
862,14MAY2020,67.5
863,15MAY2020,66.7
864,16MAY2020,64.7
865,17MAY2020,63.1
866,18MAY2020,65.2
867,19MAY2020,66.1
868,20MAY2020,66.6
869,21MAY2020,67.3
870,22MAY2020,66.9
871,23MAY2020,64.4
872,24MAY2020,63.8
873,25MAY2020,64.7
874,26MAY2020,66.4
875,27MAY2020,68.1
876,28MAY2020,68.3
877,29MAY2020,66.0
878,30MAY2020,65.8
879,31MAY2020,65.5
880,01JUN2020,64.7
881,02JUN2020,65.0
882,03JUN2020,64.0
883,04JUN2020,64.6
884,05JUN2020,67.4
885,06JUN2020,64.9
886,07JUN2020,65.6
887,08JUN2020,66.7
888,09JUN2020,68.5
889,10JUN2020,69.8
890,11JUN2020,67.1
891,12JUN2020,67.8
892,13JUN2020,64.6
893,14JUN2020,62.8
894,15JUN2020,63.7
895,16JUN2020,67.4
896,17JUN2020,69.2
897,18JUN2020,69.7
898,19JUN2020,68.8
899,20JUN2020,64.5
900,21JUN2020,64.2
901,22JUN2020,64.9
902,23JUN2020,68.7
903,24JUN2020,70.9
904,25JUN2020,82.2
905,26JUN2020,79.9
906,27JUN2020,68.4
907,28JUN2020,65.2
908,29JUN2020,66.8
909,30JUN2020,69.2
910,01JUL2020,71.9
911,02JUL2020,71.6
912,03JUL2020,70.2
913,04JUL2020,67.3
914,05JUL2020,65.5
915,06JUL2020,68.4
916,07JUL2020,72.1
917,15APR2020,54.3
918,16APR2020,49.3
919,17APR2020,49.1
920,18APR2020,47.7
921,19APR2020,47.3
922,20APR2020,49.1
923,21APR2020,50.2
924,22APR2020,50.2
925,23APR2020,50.1
926,24APR2020,50.3
927,25APR2020,49.0
928,26APR2020,48.5
929,27APR2020,49.7
930,28APR2020,51.0
931,29APR2020,51.3
932,30APR2020,50.8
933,01MAY2020,50.9
934,02MAY2020,49.7
935,03MAY2020,49.5
936,04MAY2020,51.4
937,05MAY2020,53.5
938,06MAY2020,54.7
939,07MAY2020,55.2
940,08MAY2020,55.1
941,09MAY2020,53.4
942,10MAY2020,52.5
943,11MAY2020,54.5
944,12MAY2020,55.4
945,13MAY2020,58.0
946,14MAY2020,58.5
947,15MAY2020,58.7
948,16MAY2020,56.3
949,17MAY2020,55.5
950,18MAY2020,57.0
951,19MAY2020,59.3
952,20MAY2020,61.1
953,21MAY2020,60.2
954,22MAY2020,59.9
955,23MAY2020,57.4
956,24MAY2020,56.0
957,25MAY2020,56.1
958,26MAY2020,57.3
959,27MAY2020,60.4
960,28MAY2020,61.0
961,29MAY2020,60.5
962,30MAY2020,58.1
963,31MAY2020,56.8
964,01JUN2020,58.9
965,02JUN2020,59.6
966,03JUN2020,59.5
967,04JUN2020,59.8
968,05JUN2020,58.4
969,06JUN2020,56.5
970,07JUN2020,55.6
971,08JUN2020,57.5
972,09JUN2020,63.9
973,10JUN2020,64.7
974,11JUN2020,66.4
975,12JUN2020,66.9
976,13JUN2020,58.9
977,14JUN2020,58.5
978,15JUN2020,60.2
979,16JUN2020,61.5
980,17JUN2020,61.3
981,18JUN2020,62.9
982,19JUN2020,74.5
983,20JUN2020,72.3
984,21JUN2020,69.3
985,22JUN2020,70.0
986,23JUN2020,74.5
987,24JUN2020,75.9
988,25JUN2020,75.9
989,26JUN2020,75.6
990,27JUN2020,70.1
991,28JUN2020,62.1
992,29JUN2020,69.8
993,30JUN2020,76.9
994,01JUL2020,77.7
995,02JUL2020,78.3
996,03JUL2020,73.5
997,04JUL2020,70.3
998,05JUL2020,69.5
999,06JUL2020,71.7
1000,07JUL2020,72.6
1001,01APR2020,56.0
1002,02APR2020,58.3
1003,03APR2020,56.6
1004,04APR2020,56.0
1005,05APR2020,54.7
1006,06APR2020,55.3
1007,07APR2020,58.9
1008,08APR2020,64.0
1009,09APR2020,63.4
1010,10APR2020,59.6
1011,11APR2020,56.8
1012,12APR2020,53.6
1013,13APR2020,55.4
1014,14APR2020,57.2
1015,15APR2020,59.8
1016,16APR2020,59.6
1017,17APR2020,57.7
1018,18APR2020,55.3
1019,19APR2020,55.5
1020,20APR2020,59.3
1021,21APR2020,60.6
1022,22APR2020,61.5
1023,23APR2020,60.3
1024,24APR2020,61.1
1025,25APR2020,60.7
1026,26APR2020,60.4
1027,27APR2020,61.4
1028,28APR2020,62.2
1029,29APR2020,63.0
1030,30APR2020,60.4
1031,01MAY2020,61.3
1032,02MAY2020,58.8
1033,03MAY2020,58.1
1034,04MAY2020,58.8
1035,05MAY2020,63.0
1036,06MAY2020,64.0
1037,07MAY2020,64.1
1038,08MAY2020,62.8
1039,09MAY2020,60.4
1040,10MAY2020,57.7
1041,11MAY2020,58.5
1042,12MAY2020,61.6
1043,13MAY2020,62.7
1044,14MAY2020,62.5
1045,15MAY2020,61.6
1046,16MAY2020,59.6
1047,17MAY2020,57.9
1048,18MAY2020,59.2
1049,19MAY2020,63.6
1050,20MAY2020,63.9
1051,21MAY2020,65.5
1052,22MAY2020,64.2
1053,23MAY2020,62.1
1054,24MAY2020,56.9
1055,25MAY2020,60.2
1056,26MAY2020,60.3
1057,27MAY2020,64.9
1058,28MAY2020,61.5
1059,29MAY2020,66.1
1060,30MAY2020,63.1
1061,31MAY2020,60.8
1062,01JUN2020,61.2
1063,02JUN2020,64.4
1064,03JUN2020,66.1
1065,04JUN2020,65.9
1066,05JUN2020,66.0
1067,06JUN2020,63.5
1068,07JUN2020,62.4
1069,08JUN2020,62.3
1070,09JUN2020,67.2
1071,10JUN2020,67.3
1072,11JUN2020,68.2
1073,12JUN2020,67.1
1074,13JUN2020,64.5
1075,14JUN2020,62.3
1076,15JUN2020,63.2
1077,16JUN2020,64.9
1078,17JUN2020,63.1
1079,18JUN2020,67.9
1080,19JUN2020,66.6
1081,20JUN2020,64.3
1082,21JUN2020,60.3
1083,22JUN2020,62.3
1084,23JUN2020,65.8
1085,24JUN2020,67.6
1086,25JUN2020,69.5
1087,26JUN2020,68.0
1088,27JUN2020,65.7
1089,28JUN2020,62.3
1090,29JUN2020,64.6
1091,30JUN2020,67.9
1092,01JUL2020,69.3
1093,02JUL2020,68.3
1094,03JUL2020,68.2
1095,04JUL2020,64.2
1096,05JUL2020,64.1
1097,06JUL2020,66.9
1098,07JUL2020,70.2
1099,01APR2020,65.3
1100,02APR2020,62.9
1101,03APR2020,62.5
1102,04APR2020,61.7
1103,05APR2020,60.5
1104,06APR2020,60.8
1105,07APR2020,61.0
1106,08APR2020,59.0
1107,09APR2020,59.4
1108,10APR2020,56.5
1109,11APR2020,55.0
1110,12APR2020,56.3
1111,13APR2020,54.0
1112,14APR2020,56.8
1113,15APR2020,60.2
1114,16APR2020,58.3
1115,17APR2020,57.9
1116,18APR2020,59.1
1117,19APR2020,59.4
1118,20APR2020,60.4
1119,21APR2020,61.2
1120,22APR2020,56.8
1121,23APR2020,61.9
1122,24APR2020,62.4
1123,25APR2020,65.2
1124,26APR2020,65.7
1125,27APR2020,58.5
1126,28APR2020,61.2
1127,29APR2020,62.1
1128,30APR2020,62.8
1129,01MAY2020,61.3
1130,02MAY2020,60.4
1131,03MAY2020,54.6
1132,04MAY2020,59.4
1133,05MAY2020,61.6
1134,06MAY2020,61.6
1135,07MAY2020,62.1
1136,08MAY2020,61.6
1137,09MAY2020,60.0
1138,10MAY2020,59.4
1139,11MAY2020,61.9
1140,12MAY2020,62.7
1141,13MAY2020,64.8
1142,14MAY2020,66.0
1143,15MAY2020,63.0
1144,16MAY2020,61.1
1145,17MAY2020,57.3
1146,18MAY2020,62.8
1147,19MAY2020,63.5
1148,20MAY2020,69.5
1149,21MAY2020,72.8
1150,22MAY2020,73.4
1151,23MAY2020,66.7
1152,24MAY2020,66.5
1153,25MAY2020,67.4
1154,26MAY2020,67.7
1155,27MAY2020,69.3
1156,28MAY2020,69.5
1157,29MAY2020,68.4
1158,30MAY2020,67.6
1159,31MAY2020,66.4
1160,01JUN2020,65.3
1161,02JUN2020,66.1
1162,03JUN2020,70.4
1163,04JUN2020,67.8
1164,05JUN2020,66.0
1165,06JUN2020,63.8
1166,07JUN2020,62.4
1167,08JUN2020,60.1
1168,09JUN2020,64.8
1169,10JUN2020,67.8
1170,11JUN2020,72.3
1171,12JUN2020,72.0
1172,13JUN2020,62.5
1173,14JUN2020,56.6
1174,15JUN2020,64.3
1175,16JUN2020,67.1
1176,17JUN2020,0.0
1177,18JUN2020,60.3
1178,19JUN2020,69.6
1179,20JUN2020,64.9
1180,21JUN2020,62.2
1181,22JUN2020,64.1
1182,23JUN2020,65.7
1183,24JUN2020,70.9
1184,25JUN2020,61.4
1185,26JUN2020,65.0
1186,27JUN2020,61.1
1187,28JUN2020,68.6
1188,29JUN2020,74.1
1189,30JUN2020,77.7
1190,01JUL2020,81.1
1191,02JUL2020,79.3
1192,03JUL2020,72.5
1193,04JUL2020,65.5
1194,05JUL2020,60.8
1195,06JUL2020,64.8
1196,07JUL2020,67.2
1197,01APR2020,38.1
1198,02APR2020,39.1
1199,03APR2020,33.7
1200,04APR2020,31.2
1201,05APR2020,34.3
1202,06APR2020,35.3
1203,07APR2020,39.2
1204,08APR2020,35.8
1205,09APR2020,33.5
1206,10APR2020,34.8
1207,11APR2020,35.5
1208,12APR2020,35.5
1209,13APR2020,37.2
1210,14APR2020,40.2
1211,15APR2020,45.1
1212,16APR2020,41.7
1213,17APR2020,40.3
1214,18APR2020,41.1
1215,19APR2020,41.2
1216,20APR2020,44.3
1217,21APR2020,43.0
1218,22APR2020,43.7
1219,23APR2020,46.0
1220,24APR2020,46.2
1221,25APR2020,43.7
1222,26APR2020,42.6
1223,27APR2020,42.9
1224,28APR2020,46.2
1225,29APR2020,46.4
1226,30APR2020,44.4
1227,01MAY2020,45.9
1228,02MAY2020,45.7
1229,03MAY2020,43.5
1230,04MAY2020,44.3
1231,05MAY2020,45.8
1232,06MAY2020,46.0
1233,07MAY2020,46.4
1234,08MAY2020,45.7
1235,09MAY2020,45.2
1236,10MAY2020,45.2
1237,11MAY2020,45.3
1238,12MAY2020,48.2
1239,13MAY2020,50.5
1240,14MAY2020,50.5
1241,15MAY2020,49.9
1242,16MAY2020,47.6
1243,17MAY2020,46.7
1244,18MAY2020,48.8
1245,19MAY2020,50.4
1246,20MAY2020,51.3
1247,21MAY2020,52.3
1248,22MAY2020,51.7
1249,23MAY2020,48.7
1250,24MAY2020,46.9
1251,25MAY2020,48.5
1252,26MAY2020,49.0
1253,27MAY2020,50.3
1254,28MAY2020,52.1
1255,29MAY2020,53.1
1256,30MAY2020,47.6
1257,31MAY2020,45.1
1258,01JUN2020,47.4
1259,02JUN2020,49.1
1260,03JUN2020,52.8
1261,04JUN2020,55.1
1262,05JUN2020,51.7
1263,06JUN2020,48.2
1264,07JUN2020,47.7
1265,08JUN2020,48.5
1266,09JUN2020,50.1
1267,10JUN2020,51.8
1268,11JUN2020,51.9
1269,12JUN2020,50.9
1270,13JUN2020,52.0
1271,14JUN2020,48.6
1272,15JUN2020,49.5
1273,16JUN2020,52.5
1274,17JUN2020,52.7
1275,18JUN2020,52.1
1276,19JUN2020,50.0
1277,20JUN2020,50.1
1278,21JUN2020,47.5
1279,22JUN2020,47.9
1280,23JUN2020,51.4
1281,24JUN2020,50.5
1282,25JUN2020,50.6
1283,26JUN2020,52.4
1284,27JUN2020,51.0
1285,28JUN2020,49.3
1286,29JUN2020,49.6
1287,30JUN2020,51.2
1288,01JUL2020,52.3
1289,02JUL2020,54.2
1290,03JUL2020,50.3
1291,04JUL2020,47.8
1292,05JUL2020,45.2
1293,06JUL2020,47.7
1294,07JUL2020,50.6
1295,01APR2020,32.5
1296,02APR2020,32.1
1297,03APR2020,33.1
1298,04APR2020,31.5
1299,05APR2020,31.8
1300,06APR2020,34.7
1301,07APR2020,36.0
1302,08APR2020,37.0
1303,09APR2020,39.6
1304,10APR2020,40.3
1305,11APR2020,35.6
1306,12APR2020,33.3
1307,13APR2020,38.0
1308,14APR2020,38.2
1309,15APR2020,39.4
1310,16APR2020,39.2
1311,17APR2020,36.6
1312,18APR2020,35.1
1313,19APR2020,34.3
1314,20APR2020,36.3
1315,21APR2020,41.2
1316,22APR2020,41.2
1317,23APR2020,38.5
1318,24APR2020,37.1
1319,25APR2020,36.0
1320,26APR2020,36.2
1321,27APR2020,38.1
1322,28APR2020,41.3
1323,29APR2020,41.4
1324,30APR2020,41.0
1325,01MAY2020,39.1
1326,02MAY2020,37.2
1327,03MAY2020,37.2
1328,04MAY2020,39.3
1329,05MAY2020,40.5
1330,06MAY2020,42.5
1331,07MAY2020,41.4
1332,08MAY2020,39.1
1333,09MAY2020,37.6
1334,10MAY2020,37.1
1335,11MAY2020,40.5
1336,12MAY2020,42.7
1337,13MAY2020,44.8
1338,14MAY2020,43.5
1339,15MAY2020,41.8
1340,16MAY2020,39.8
1341,17MAY2020,38.7
1342,18MAY2020,40.9
1343,19MAY2020,43.8
1344,20MAY2020,45.4
1345,21MAY2020,43.7
1346,22MAY2020,41.0
1347,23MAY2020,39.3
1348,24MAY2020,38.7
1349,25MAY2020,37.1
1350,26MAY2020,41.5
1351,27MAY2020,45.2
1352,28MAY2020,44.7
1353,29MAY2020,44.0
1354,30MAY2020,40.0
1355,31MAY2020,40.2
1356,01JUN2020,43.4
1357,02JUN2020,57.4
1358,03JUN2020,62.3
1359,04JUN2020,59.3
1360,05JUN2020,42.4
1361,06JUN2020,40.7
1362,07JUN2020,39.0
1363,08JUN2020,40.6
1364,09JUN2020,44.0
1365,10JUN2020,62.1
1366,11JUN2020,46.3
1367,12JUN2020,45.0
1368,13JUN2020,42.1
1369,14JUN2020,40.0
1370,15JUN2020,44.4
1371,16JUN2020,46.5
1372,17JUN2020,59.5
1373,18JUN2020,47.1
1374,19JUN2020,45.5
1375,20JUN2020,44.5
1376,21JUN2020,45.3
1377,22JUN2020,45.7
1378,23JUN2020,46.7
1379,24JUN2020,61.3
1380,25JUN2020,47.5
1381,26JUN2020,46.7
1382,27JUN2020,43.6
1383,28JUN2020,42.9
1384,29JUN2020,44.5
1385,30JUN2020,46.6
1386,01JUL2020,47.6
1387,02JUL2020,47.5
1388,03JUL2020,45.7
1389,04JUL2020,43.2
1390,05JUL2020,41.7
1391,06JUL2020,46.5
1392,07JUL2020,49.6
1393,01APR2020,54.7
1394,02APR2020,55.8
1395,03APR2020,52.4
1396,04APR2020,50.0
1397,05APR2020,51.0
1398,06APR2020,51.8
1399,07APR2020,52.8
1400,08APR2020,54.7
1401,09APR2020,55.8
1402,10APR2020,55.0
1403,11APR2020,52.4
1404,12APR2020,52.0
1405,13APR2020,50.3
1406,14APR2020,50.7
1407,15APR2020,53.0
1408,16APR2020,52.4
1409,17APR2020,53.0
1410,18APR2020,51.1
1411,19APR2020,50.2
1412,20APR2020,53.0
1413,21APR2020,56.0
1414,22APR2020,56.9
1415,23APR2020,57.3
1416,24APR2020,57.5
1417,25APR2020,55.8
1418,26APR2020,55.0
1419,27APR2020,56.7
1420,28APR2020,58.3
1421,29APR2020,58.8
1422,30APR2020,60.7
1423,01MAY2020,60.3
1424,02MAY2020,58.5
1425,03MAY2020,59.6
1426,04MAY2020,59.1
1427,05MAY2020,60.0
1428,06MAY2020,61.2
1429,07MAY2020,61.7
1430,08MAY2020,60.5
1431,09MAY2020,58.3
1432,10MAY2020,55.9
1433,11MAY2020,57.5
1434,12MAY2020,59.8
1435,13MAY2020,61.8
1436,14MAY2020,61.6
1437,15MAY2020,60.8
1438,16MAY2020,59.5
1439,17MAY2020,56.0
1440,18MAY2020,59.3
1441,19MAY2020,61.8
1442,20MAY2020,62.7
1443,21MAY2020,60.2
1444,22MAY2020,62.2
1445,23MAY2020,57.7
1446,24MAY2020,55.7
1447,25MAY2020,56.5
1448,26MAY2020,58.8
1449,27MAY2020,62.4
1450,28MAY2020,63.2
1451,29MAY2020,62.1
1452,30MAY2020,58.4
1453,31MAY2020,56.7
1454,01JUN2020,57.5
1455,02JUN2020,59.6
1456,03JUN2020,58.8
1457,04JUN2020,59.8
1458,05JUN2020,59.8
1459,06JUN2020,58.6
1460,07JUN2020,55.7
1461,08JUN2020,55.5
1462,09JUN2020,60.6
1463,10JUN2020,58.3
1464,11JUN2020,62.4
1465,12JUN2020,60.3
1466,13JUN2020,58.1
1467,14JUN2020,55.8
1468,15JUN2020,56.6
1469,16JUN2020,59.5
1470,17JUN2020,60.4
1471,18JUN2020,62.2
1472,19JUN2020,60.8
1473,20JUN2020,58.7
1474,21JUN2020,55.6
1475,22JUN2020,56.2
1476,23JUN2020,60.9
1477,24JUN2020,61.7
1478,25JUN2020,61.6
1479,26JUN2020,60.0
1480,27JUN2020,57.0
1481,28JUN2020,54.5
1482,29JUN2020,57.0
1483,30JUN2020,60.1
1484,01JUL2020,59.2
1485,02JUL2020,57.3
1486,03JUL2020,56.0
1487,04JUL2020,52.6
1488,05JUL2020,51.4
1489,06JUL2020,54.4
1490,07JUL2020,59.8
1491,01APR2020,49.5
1492,02APR2020,49.4
1493,03APR2020,48.9
1494,04APR2020,46.1
1495,05APR2020,45.9
1496,06APR2020,44.7
1497,07APR2020,44.1
1498,08APR2020,46.7
1499,09APR2020,46.1
1500,10APR2020,45.3
1501,11APR2020,44.4
1502,12APR2020,45.1
1503,13APR2020,46.7
1504,14APR2020,46.0
1505,15APR2020,45.3
1506,16APR2020,48.0
1507,17APR2020,49.1
1508,18APR2020,48.6
1509,19APR2020,48.4
1510,20APR2020,45.1
1511,21APR2020,47.7
1512,22APR2020,47.4
1513,23APR2020,47.5
1514,24APR2020,47.3
1515,25APR2020,47.3
1516,26APR2020,44.9
1517,27APR2020,47.5
1518,28APR2020,47.9
1519,29APR2020,50.7
1520,30APR2020,48.2
1521,01MAY2020,47.6
1522,02MAY2020,46.3
1523,03MAY2020,45.7
1524,04MAY2020,48.1
1525,05MAY2020,51.4
1526,06MAY2020,53.3
1527,07MAY2020,52.3
1528,08MAY2020,51.7
1529,09MAY2020,50.0
1530,10MAY2020,46.0
1531,11MAY2020,48.2
1532,12MAY2020,50.3
1533,13MAY2020,52.1
1534,14MAY2020,52.8
1535,15MAY2020,52.1
1536,16MAY2020,50.0
1537,17MAY2020,48.3
1538,18MAY2020,49.8
1539,19MAY2020,53.6
1540,20MAY2020,58.7
1541,21MAY2020,56.8
1542,22MAY2020,55.4
1543,23MAY2020,53.9
1544,24MAY2020,51.0
1545,25MAY2020,51.4
1546,26MAY2020,54.1
1547,27MAY2020,58.3
1548,28MAY2020,58.7
1549,29MAY2020,58.7
1550,30MAY2020,55.3
1551,31MAY2020,53.0
1552,01JUN2020,53.6
1553,02JUN2020,56.3
1554,03JUN2020,58.5
1555,04JUN2020,59.0
1556,05JUN2020,58.5
1557,06JUN2020,53.7
1558,07JUN2020,53.7
1559,08JUN2020,53.1
1560,09JUN2020,58.2
1561,10JUN2020,59.0
1562,11JUN2020,59.8
1563,12JUN2020,59.9
1564,13JUN2020,56.6
1565,14JUN2020,53.7
1566,15JUN2020,54.0
1567,16JUN2020,57.8
1568,17JUN2020,58.7
1569,18JUN2020,59.7
1570,19JUN2020,58.7
1571,20JUN2020,57.4
1572,21JUN2020,54.9
1573,22JUN2020,56.4
1574,23JUN2020,58.6
1575,24JUN2020,61.0
1576,25JUN2020,60.4
1577,26JUN2020,59.1
1578,27JUN2020,55.2
1579,28JUN2020,53.9
1580,29JUN2020,55.3
1581,30JUN2020,57.8
1582,01JUL2020,58.5
1583,02JUL2020,58.0
1584,03JUL2020,56.6
1585,04JUL2020,53.9
1586,05JUL2020,52.7
1587,06JUL2020,55.9
1588,07JUL2020,59.4
1589,15APR2020,34.4
1590,16APR2020,34.2
1591,17APR2020,35.3
1592,18APR2020,34.6
1593,19APR2020,35.0
1594,20APR2020,35.5
1595,21APR2020,38.1
1596,22APR2020,37.7
1597,23APR2020,37.4
1598,24APR2020,38.5
1599,25APR2020,37.8
1600,26APR2020,36.7
1601,27APR2020,38.5
1602,28APR2020,40.3
1603,29APR2020,40.2
1604,30APR2020,40.3
1605,01MAY2020,40.5
1606,02MAY2020,38.7
1607,03MAY2020,37.6
1608,04MAY2020,40.5
1609,05MAY2020,43.0
1610,06MAY2020,44.2
1611,07MAY2020,43.8
1612,08MAY2020,43.1
1613,09MAY2020,41.3
1614,10MAY2020,40.3
1615,11MAY2020,42.2
1616,12MAY2020,44.2
1617,13MAY2020,46.4
1618,14MAY2020,45.3
1619,15MAY2020,43.8
1620,16MAY2020,41.9
1621,17MAY2020,40.1
1622,18MAY2020,41.4
1623,19MAY2020,45.3
1624,20MAY2020,47.2
1625,21MAY2020,47.7
1626,22MAY2020,46.4
1627,23MAY2020,44.0
1628,24MAY2020,40.9
1629,25MAY2020,40.5
1630,26MAY2020,44.1
1631,27MAY2020,46.5
1632,28MAY2020,48.1
1633,29MAY2020,45.1
1634,30MAY2020,44.6
1635,31MAY2020,45.6
1636,01JUN2020,46.9
1637,02JUN2020,47.9
1638,03JUN2020,52.2
1639,04JUN2020,49.1
1640,05JUN2020,48.8
1641,06JUN2020,46.1
1642,07JUN2020,45.0
1643,08JUN2020,45.4
1644,09JUN2020,50.4
1645,10JUN2020,52.2
1646,11JUN2020,50.3
1647,12JUN2020,50.4
1648,13JUN2020,49.4
1649,14JUN2020,45.8
1650,15JUN2020,47.2
1651,16JUN2020,49.2
1652,17JUN2020,48.1
1653,18JUN2020,48.7
1654,19JUN2020,48.4
1655,20JUN2020,49.3
1656,21JUN2020,46.8
1657,22JUN2020,48.4
1658,23JUN2020,51.9
1659,24JUN2020,54.2
1660,25JUN2020,56.1
1661,26JUN2020,51.0
1662,27JUN2020,48.9
1663,28JUN2020,47.8
1664,29JUN2020,46.1
1665,30JUN2020,47.8
1666,01JUL2020,48.8
1667,02JUL2020,46.2
1668,03JUL2020,44.7
1669,04JUL2020,42.2
1670,05JUL2020,41.4
1671,06JUL2020,42.8
1672,07JUL2020,46.5
1673,01APR2020,46.2
1674,02APR2020,47.5
1675,03APR2020,46.1
1676,04APR2020,37.3
1677,05APR2020,42.2
1678,06APR2020,40.3
1679,07APR2020,44.2
1680,08APR2020,45.5
1681,09APR2020,48.1
1682,10APR2020,46.9
1683,11APR2020,44.3
1684,12APR2020,43.0
1685,13APR2020,43.7
1686,14APR2020,45.5
1687,15APR2020,46.2
1688,16APR2020,46.1
1689,17APR2020,46.2
1690,18APR2020,44.6
1691,19APR2020,44.6
1692,20APR2020,47.0
1693,21APR2020,49.4
1694,22APR2020,51.3
1695,23APR2020,52.1
1696,24APR2020,49.0
1697,25APR2020,47.8
1698,26APR2020,46.6
1699,27APR2020,47.8
1700,28APR2020,50.7
1701,29APR2020,51.5
1702,30APR2020,50.8
1703,01MAY2020,51.7
1704,02MAY2020,49.5
1705,03MAY2020,48.1
1706,04MAY2020,49.7
1707,05MAY2020,50.9
1708,06MAY2020,51.1
1709,07MAY2020,51.9
1710,08MAY2020,51.0
1711,09MAY2020,50.4
1712,10MAY2020,47.7
1713,11MAY2020,50.2
1714,12MAY2020,52.9
1715,13MAY2020,53.7
1716,14MAY2020,54.8
1717,15MAY2020,55.5
1718,16MAY2020,53.1
1719,17MAY2020,50.9
1720,18MAY2020,53.9
1721,19MAY2020,56.5
1722,20MAY2020,58.1
1723,21MAY2020,57.9
1724,22MAY2020,58.4
1725,23MAY2020,55.5
1726,24MAY2020,52.8
1727,25MAY2020,52.2
1728,26MAY2020,55.6
1729,27MAY2020,59.9
1730,28MAY2020,58.6
1731,29MAY2020,55.2
1732,30MAY2020,54.1
1733,31MAY2020,51.9
1734,01JUN2020,53.2
1735,02JUN2020,56.7
1736,03JUN2020,59.1
1737,04JUN2020,60.7
1738,05JUN2020,58.8
1739,06JUN2020,56.9
1740,07JUN2020,52.9
1741,08JUN2020,57.0
1742,09JUN2020,62.6
1743,10JUN2020,63.5
1744,11JUN2020,62.3
1745,12JUN2020,61.4
1746,13JUN2020,59.8
1747,14JUN2020,57.4
1748,15JUN2020,57.8
1749,16JUN2020,61.6
1750,17JUN2020,64.8
1751,18JUN2020,63.9
1752,19JUN2020,63.3
1753,20JUN2020,59.3
1754,21JUN2020,54.4
1755,22JUN2020,58.4
1756,23JUN2020,57.2
1757,24JUN2020,60.4
1758,25JUN2020,67.7
1759,26JUN2020,72.6
1760,27JUN2020,66.5
1761,28JUN2020,63.3
1762,29JUN2020,62.6
1763,30JUN2020,65.7
1764,01JUL2020,66.6
1765,02JUL2020,65.9
1766,03JUL2020,64.4
1767,04JUL2020,60.9
1768,05JUL2020,60.0
1769,06JUL2020,62.8
1770,07JUL2020,67.7
1771,01APR2020,52.8
1772,02APR2020,54.7
1773,03APR2020,58.6
1774,04APR2020,56.0
1775,05APR2020,56.2
1776,06APR2020,56.7
1777,07APR2020,57.5
1778,08APR2020,57.8
1779,09APR2020,57.3
1780,10APR2020,55.4
1781,11APR2020,55.1
1782,12APR2020,55.4
1783,13APR2020,56.9
1784,14APR2020,56.4
1785,15APR2020,58.3
1786,16APR2020,57.7
1787,17APR2020,56.9
1788,18APR2020,55.6
1789,19APR2020,56.0
1790,20APR2020,57.4
1791,21APR2020,60.0
1792,22APR2020,60.6
1793,23APR2020,59.6
1794,24APR2020,58.6
1795,25APR2020,56.8
1796,26APR2020,56.5
1797,27APR2020,57.9
1798,28APR2020,60.6
1799,29APR2020,60.3
1800,30APR2020,61.0
1801,01MAY2020,60.7
1802,02MAY2020,59.5
1803,03MAY2020,59.7
1804,04MAY2020,60.1
1805,05MAY2020,64.8
1806,06MAY2020,66.7
1807,07MAY2020,66.5
1808,08MAY2020,66.3
1809,09MAY2020,62.6
1810,10MAY2020,59.6
1811,11MAY2020,60.6
1812,12MAY2020,64.3
1813,13MAY2020,65.7
1814,14MAY2020,66.2
1815,15MAY2020,64.9
1816,16MAY2020,62.9
1817,17MAY2020,61.1
1818,18MAY2020,62.1
1819,19MAY2020,66.0
1820,20MAY2020,66.7
1821,21MAY2020,66.8
1822,22MAY2020,67.3
1823,23MAY2020,63.1
1824,24MAY2020,61.4
1825,25MAY2020,60.7
1826,26MAY2020,63.3
1827,27MAY2020,68.0
1828,28MAY2020,69.0
1829,29MAY2020,67.1
1830,30MAY2020,63.8
1831,31MAY2020,62.2
1832,01JUN2020,61.7
1833,02JUN2020,66.6
1834,03JUN2020,65.8
1835,04JUN2020,68.0
1836,05JUN2020,62.1
1837,06JUN2020,59.6
1838,07JUN2020,59.4
1839,08JUN2020,60.6
1840,09JUN2020,63.2
1841,10JUN2020,63.2
1842,11JUN2020,64.4
1843,12JUN2020,62.5
1844,13JUN2020,58.0
1845,14JUN2020,61.7
1846,15JUN2020,59.8
1847,16JUN2020,65.3
1848,17JUN2020,68.3
1849,18JUN2020,64.1
1850,19JUN2020,68.8
1851,20JUN2020,64.1
1852,21JUN2020,62.2
1853,22JUN2020,62.7
1854,23JUN2020,66.0
1855,24JUN2020,64.8
1856,25JUN2020,64.8
1857,26JUN2020,66.9
1858,27JUN2020,62.4
1859,28JUN2020,62.5
1860,29JUN2020,60.4
1861,30JUN2020,64.2
1862,01JUL2020,65.2
1863,02JUL2020,66.6
1864,03JUL2020,65.3
1865,04JUL2020,58.3
1866,05JUL2020,59.7
1867,06JUL2020,61.4
1868,07JUL2020,65.3
1869,01APR2020,53.3
1870,02APR2020,59.5
1871,03APR2020,59.3
1872,04APR2020,60.9
1873,05APR2020,61.0
1874,06APR2020,65.8
1875,07APR2020,65.3
1876,08APR2020,66.4
1877,09APR2020,67.0
1878,10APR2020,68.1
1879,11APR2020,63.0
1880,12APR2020,63.7
1881,13APR2020,63.9
1882,14APR2020,66.5
1883,15APR2020,67.6
1884,16APR2020,68.0
1885,17APR2020,65.9
1886,18APR2020,68.4
1887,19APR2020,67.5
1888,20APR2020,70.9
1889,21APR2020,70.5
1890,22APR2020,70.1
1891,23APR2020,69.6
1892,24APR2020,69.4
1893,25APR2020,69.1
1894,26APR2020,68.7
1895,27APR2020,71.1
1896,28APR2020,72.4
1897,29APR2020,73.2
1898,30APR2020,70.3
1899,01MAY2020,71.4
1900,02MAY2020,71.3
1901,03MAY2020,71.1
1902,04MAY2020,74.3
1903,05MAY2020,76.6
1904,06MAY2020,76.0
1905,07MAY2020,74.0
1906,08MAY2020,73.9
1907,09MAY2020,73.5
1908,10MAY2020,73.8
1909,11MAY2020,74.7
1910,12MAY2020,74.1
1911,13MAY2020,74.1
1912,14MAY2020,74.3
1913,15MAY2020,75.5
1914,16MAY2020,75.3
1915,17MAY2020,74.1
1916,18MAY2020,74.4
1917,19MAY2020,76.6
1918,20MAY2020,76.9
1919,21MAY2020,74.6
1920,22MAY2020,76.5
1921,23MAY2020,76.9
1922,24MAY2020,71.2
1923,25MAY2020,70.8
1924,26MAY2020,73.1
1925,27MAY2020,73.4
1926,28MAY2020,79.3
1927,29MAY2020,75.8
1928,30MAY2020,72.3
1929,31MAY2020,74.0
1930,01JUN2020,71.2
1931,02JUN2020,72.9
1932,03JUN2020,73.2
1933,04JUN2020,75.2
1934,05JUN2020,75.9
1935,06JUN2020,74.3
1936,07JUN2020,70.1
1937,08JUN2020,75.3
1938,09JUN2020,75.9
1939,10JUN2020,75.8
1940,11JUN2020,71.9
1941,12JUN2020,73.7
1942,13JUN2020,71.3
1943,14JUN2020,70.5
1944,15JUN2020,73.9
1945,16JUN2020,77.8
1946,17JUN2020,79.9
1947,18JUN2020,74.7
1948,19JUN2020,71.8
1949,20JUN2020,73.5
1950,21JUN2020,71.5
1951,22JUN2020,75.8
1952,23JUN2020,78.5
1953,24JUN2020,79.0
1954,25JUN2020,78.5
1955,26JUN2020,78.1
1956,27JUN2020,76.8
1957,28JUN2020,72.3
1958,29JUN2020,75.0
1959,30JUN2020,77.3
1960,01JUL2020,77.1
1961,02JUL2020,76.2
1962,03JUL2020,75.3
1963,04JUL2020,71.1
1964,05JUL2020,73.1
1965,06JUL2020,74.6
1966,07JUL2020,76.9
1967,01APR2020,55.6
1968,02APR2020,57.0
1969,03APR2020,54.1
1970,04APR2020,52.1
1971,05APR2020,53.2
1972,06APR2020,53.3
1973,07APR2020,57.0
1974,08APR2020,58.1
1975,09APR2020,60.2
1976,10APR2020,57.4
1977,11APR2020,52.2
1978,12APR2020,54.0
1979,13APR2020,53.8
1980,14APR2020,56.5
1981,15APR2020,57.7
1982,16APR2020,61.4
1983,17APR2020,58.9
1984,18APR2020,57.0
1985,19APR2020,61.6
1986,20APR2020,69.0
1987,21APR2020,74.1
1988,22APR2020,75.8
1989,23APR2020,74.6
1990,24APR2020,74.3
1991,25APR2020,73.4
1992,26APR2020,76.7
1993,27APR2020,74.8
1994,28APR2020,75.9
1995,29APR2020,75.3
1996,30APR2020,75.9
1997,01MAY2020,74.1
1998,02MAY2020,74.1
1999,03MAY2020,74.1
2000,04MAY2020,76.0
2001,05MAY2020,75.6
2002,06MAY2020,77.9
2003,07MAY2020,77.7
2004,08MAY2020,78.2
2005,09MAY2020,76.2
2006,10MAY2020,77.2
2007,11MAY2020,77.1
2008,12MAY2020,78.5
2009,13MAY2020,78.6
2010,14MAY2020,77.3
2011,15MAY2020,77.9
2012,16MAY2020,76.7
2013,17MAY2020,76.8
2014,18MAY2020,76.7
2015,19MAY2020,78.4
2016,20MAY2020,78.8
2017,21MAY2020,78.2
2018,22MAY2020,77.0
2019,23MAY2020,76.3
2020,24MAY2020,72.5
2021,25MAY2020,79.0
2022,26MAY2020,73.6
2023,27MAY2020,82.9
2024,28MAY2020,81.3
2025,29MAY2020,80.5
2026,30MAY2020,77.6
2027,31MAY2020,78.4
2028,01JUN2020,78.2
2029,02JUN2020,80.7
2030,03JUN2020,83.0
2031,04JUN2020,84.7
2032,05JUN2020,80.1
2033,06JUN2020,81.6
2034,07JUN2020,79.0
2035,08JUN2020,79.7
2036,09JUN2020,82.7
2037,10JUN2020,83.6
2038,11JUN2020,81.9
2039,12JUN2020,82.5
2040,13JUN2020,78.6
2041,14JUN2020,78.7
2042,15JUN2020,76.5
2043,16JUN2020,79.8
2044,17JUN2020,80.8
2045,18JUN2020,80.7
2046,19JUN2020,80.0
2047,20JUN2020,78.5
2048,21JUN2020,76.3
2049,22JUN2020,78.7
2050,23JUN2020,78.3
2051,24JUN2020,82.4
2052,25JUN2020,76.3
2053,26JUN2020,71.4
2054,27JUN2020,70.2
2055,28JUN2020,81.3
2056,29JUN2020,81.3
2057,30JUN2020,80.9
2058,01JUL2020,80.5
2059,02JUL2020,78.9
2060,03JUL2020,73.7
2061,04JUL2020,68.4
2062,05JUL2020,68.8
2063,06JUL2020,68.5
2064,07JUL2020,72.0
2065,01APR2020,49.2
2066,02APR2020,47.5
2067,03APR2020,46.6
2068,04APR2020,45.0
2069,05APR2020,44.3
2070,06APR2020,46.3
2071,07APR2020,45.8
2072,08APR2020,46.5
2073,09APR2020,48.1
2074,10APR2020,48.3
2075,11APR2020,49.4
2076,12APR2020,49.9
2077,13APR2020,49.9
2078,14APR2020,51.0
2079,15APR2020,51.9
2080,16APR2020,51.8
2081,17APR2020,49.7
2082,18APR2020,47.8
2083,19APR2020,48.7
2084,20APR2020,49.6
2085,21APR2020,52.5
2086,22APR2020,52.8
2087,23APR2020,53.7
2088,24APR2020,53.3
2089,25APR2020,53.2
2090,26APR2020,51.6
2091,27APR2020,52.8
2092,28APR2020,53.1
2093,29APR2020,54.0
2094,30APR2020,54.0
2095,01MAY2020,54.3
2096,02MAY2020,51.5
2097,03MAY2020,53.0
2098,04MAY2020,54.1
2099,05MAY2020,56.7
2100,06MAY2020,56.4
2101,07MAY2020,57.4
2102,08MAY2020,57.4
2103,09MAY2020,53.0
2104,10MAY2020,53.7
2105,11MAY2020,52.9
2106,12MAY2020,55.9
2107,13MAY2020,57.4
2108,14MAY2020,58.4
2109,15MAY2020,59.4
2110,16MAY2020,56.6
2111,17MAY2020,55.6
2112,18MAY2020,55.9
2113,19MAY2020,57.3
2114,20MAY2020,59.6
2115,21MAY2020,60.4
2116,22MAY2020,59.6
2117,23MAY2020,60.7
2118,24MAY2020,55.8
2119,25MAY2020,55.5
2120,26MAY2020,59.2
2121,27MAY2020,64.2
2122,28MAY2020,65.9
2123,29MAY2020,66.5
2124,30MAY2020,62.8
2125,31MAY2020,62.2
2126,01JUN2020,62.9
2127,02JUN2020,66.6
2128,03JUN2020,66.3
2129,04JUN2020,65.7
2130,05JUN2020,66.4
2131,06JUN2020,64.3
2132,07JUN2020,58.2
2133,08JUN2020,62.5
2134,09JUN2020,64.5
2135,10JUN2020,68.9
2136,11JUN2020,67.8
2137,12JUN2020,63.0
2138,13JUN2020,61.3
2139,14JUN2020,58.9
2140,15JUN2020,61.5
2141,16JUN2020,65.3
2142,17JUN2020,67.0
2143,18JUN2020,65.8
2144,19JUN2020,61.7
2145,20JUN2020,61.5
2146,21JUN2020,62.8
2147,22JUN2020,62.1
2148,23JUN2020,64.8
2149,24JUN2020,67.1
2150,25JUN2020,67.8
2151,26JUN2020,66.2
2152,27JUN2020,63.0
2153,28JUN2020,61.0
2154,29JUN2020,63.2
2155,30JUN2020,70.0
2156,01JUL2020,71.8
2157,02JUL2020,67.9
2158,03JUL2020,66.2
2159,04JUL2020,62.2
2160,05JUL2020,61.7
2161,06JUL2020,63.9
2162,07JUL2020,67.8
2163,01APR2020,52.7
2164,02APR2020,53.4
2165,03APR2020,56.2
2166,04APR2020,51.9
2167,05APR2020,51.6
2168,06APR2020,51.8
2169,07APR2020,49.3
2170,08APR2020,50.2
2171,09APR2020,51.1
2172,10APR2020,50.6
2173,11APR2020,50.9
2174,12APR2020,49.8
2175,13APR2020,49.3
2176,14APR2020,50.8
2177,15APR2020,51.1
2178,16APR2020,52.0
2179,17APR2020,51.6
2180,18APR2020,49.1
2181,19APR2020,49.0
2182,20APR2020,52.7
2183,21APR2020,54.2
2184,22APR2020,53.5
2185,23APR2020,53.1
2186,24APR2020,53.5
2187,25APR2020,52.8
2188,26APR2020,51.6
2189,27APR2020,52.7
2190,28APR2020,54.6
2191,29APR2020,54.5
2192,30APR2020,53.9
2193,01MAY2020,53.6
2194,02MAY2020,52.2
2195,03MAY2020,51.8
2196,04MAY2020,52.5
2197,05MAY2020,54.0
2198,06MAY2020,53.9
2199,07MAY2020,54.7
2200,08MAY2020,54.2
2201,09MAY2020,51.2
2202,10MAY2020,49.8
2203,11MAY2020,52.3
2204,12MAY2020,53.6
2205,13MAY2020,53.5
2206,14MAY2020,54.4
2207,15MAY2020,53.4
2208,16MAY2020,52.6
2209,17MAY2020,50.5
2210,18MAY2020,52.6
2211,19MAY2020,55.1
2212,20MAY2020,56.5
2213,21MAY2020,56.0
2214,22MAY2020,55.4
2215,23MAY2020,53.1
2216,24MAY2020,50.6
2217,25MAY2020,51.8
2218,26MAY2020,52.5
2219,27MAY2020,58.1
2220,28MAY2020,58.6
2221,29MAY2020,59.6
2222,30MAY2020,58.6
2223,31MAY2020,54.2
2224,01JUN2020,54.9
2225,02JUN2020,58.3
2226,03JUN2020,60.5
2227,04JUN2020,58.2
2228,05JUN2020,58.1
2229,06JUN2020,57.2
2230,07JUN2020,55.4
2231,08JUN2020,56.5
2232,09JUN2020,59.7
2233,10JUN2020,62.6
2234,11JUN2020,61.8
2235,12JUN2020,61.7
2236,13JUN2020,59.2
2237,14JUN2020,56.9
2238,15JUN2020,57.4
2239,16JUN2020,62.2
2240,17JUN2020,64.0
2241,18JUN2020,61.7
2242,19JUN2020,63.0
2243,20JUN2020,60.0
2244,21JUN2020,58.8
2245,22JUN2020,60.7
2246,23JUN2020,65.2
2247,24JUN2020,68.9
2248,25JUN2020,64.9
2249,26JUN2020,62.7
2250,27JUN2020,61.1
2251,28JUN2020,59.1
2252,29JUN2020,59.9
2253,30JUN2020,62.5
2254,01JUL2020,63.3
2255,02JUL2020,63.3
2256,03JUL2020,60.3
2257,04JUL2020,56.2
2258,05JUL2020,56.0
2259,06JUL2020,58.6
2260,07JUL2020,63.3
2261,15APR2020,46.1
2262,16APR2020,46.2
2263,17APR2020,47.3
2264,18APR2020,47.4
2265,19APR2020,47.1
2266,20APR2020,47.9
2267,21APR2020,49.1
2268,22APR2020,49.8
2269,23APR2020,50.1
2270,24APR2020,46.8
2271,25APR2020,45.6
2272,26APR2020,45.6
2273,27APR2020,46.6
2274,28APR2020,47.0
2275,29APR2020,47.0
2276,30APR2020,48.0
2277,01MAY2020,47.6
2278,02MAY2020,46.6
2279,03MAY2020,44.9
2280,04MAY2020,46.0
2281,05MAY2020,48.6
2282,06MAY2020,47.6
2283,07MAY2020,50.0
2284,08MAY2020,50.4
2285,09MAY2020,50.0
2286,10MAY2020,47.0
2287,11MAY2020,47.2
2288,12MAY2020,50.4
2289,13MAY2020,53.6
2290,14MAY2020,52.7
2291,15MAY2020,54.1
2292,16MAY2020,52.7
2293,17MAY2020,49.7
2294,18MAY2020,50.5
2295,19MAY2020,53.4
2296,20MAY2020,55.0
2297,21MAY2020,55.2
2298,22MAY2020,53.7
2299,23MAY2020,54.3
2300,24MAY2020,50.1
2301,25MAY2020,48.6
2302,26MAY2020,51.6
2303,27MAY2020,55.5
2304,28MAY2020,57.1
2305,29MAY2020,58.1
2306,30MAY2020,54.6
2307,31MAY2020,50.7
2308,01JUN2020,51.9
2309,02JUN2020,55.8
2310,03JUN2020,58.4
2311,04JUN2020,58.2
2312,05JUN2020,59.9
2313,06JUN2020,56.6
2314,07JUN2020,55.4
2315,08JUN2020,55.6
2316,09JUN2020,59.2
2317,10JUN2020,60.7
2318,11JUN2020,60.5
2319,12JUN2020,60.8
2320,13JUN2020,57.6
2321,14JUN2020,54.6
2322,15JUN2020,55.6
2323,16JUN2020,59.5
2324,17JUN2020,61.7
2325,18JUN2020,60.9
2326,19JUN2020,61.3
2327,20JUN2020,57.5
2328,21JUN2020,54.5
2329,22JUN2020,56.7
2330,23JUN2020,60.8
2331,24JUN2020,62.2
2332,25JUN2020,62.1
2333,26JUN2020,62.1
2334,27JUN2020,58.8
2335,28JUN2020,55.9
2336,29JUN2020,56.4
2337,30JUN2020,59.2
2338,01JUL2020,61.5
2339,02JUL2020,61.7
2340,03JUL2020,60.3
2341,04JUL2020,55.4
2342,05JUL2020,54.3
2343,06JUL2020,56.5
2344,07JUL2020,61.1
2345,01APR2020,55.7
2346,02APR2020,51.9
2347,03APR2020,52.2
2348,04APR2020,49.8
2349,05APR2020,46.5
2350,06APR2020,46.8
2351,07APR2020,48.3
2352,08APR2020,49.4
2353,09APR2020,49.1
2354,10APR2020,47.7
2355,11APR2020,45.5
2356,12APR2020,47.7
2357,13APR2020,47.6
2358,14APR2020,49.5
2359,15APR2020,45.0
2360,16APR2020,44.9
2361,17APR2020,44.6
2362,18APR2020,43.5
2363,19APR2020,42.3
2364,20APR2020,45.3
2365,21APR2020,46.6
2366,22APR2020,47.3
2367,23APR2020,48.0
2368,24APR2020,47.2
2369,25APR2020,45.5
2370,26APR2020,45.1
2371,27APR2020,46.9
2372,28APR2020,48.8
2373,29APR2020,48.8
2374,30APR2020,48.8
2375,01MAY2020,48.4
2376,02MAY2020,46.4
2377,03MAY2020,47.4
2378,04MAY2020,50.2
2379,05MAY2020,52.8
2380,06MAY2020,52.9
2381,07MAY2020,52.5
2382,08MAY2020,51.3
2383,09MAY2020,49.0
2384,10MAY2020,48.5
2385,11MAY2020,51.8
2386,12MAY2020,54.3
2387,13MAY2020,55.6
2388,14MAY2020,55.4
2389,15MAY2020,54.7
2390,16MAY2020,53.6
2391,17MAY2020,52.4
2392,18MAY2020,54.2
2393,19MAY2020,56.4
2394,20MAY2020,57.2
2395,21MAY2020,55.9
2396,22MAY2020,54.7
2397,23MAY2020,52.1
2398,24MAY2020,50.6
2399,25MAY2020,51.5
2400,26MAY2020,54.4
2401,27MAY2020,58.0
2402,28MAY2020,60.6
2403,29MAY2020,59.0
2404,30MAY2020,55.8
2405,31MAY2020,54.1
2406,01JUN2020,54.7
2407,02JUN2020,57.7
2408,03JUN2020,62.9
2409,04JUN2020,60.7
2410,05JUN2020,57.2
2411,06JUN2020,57.0
2412,07JUN2020,55.4
2413,08JUN2020,56.9
2414,09JUN2020,59.8
2415,10JUN2020,65.5
2416,11JUN2020,61.1
2417,12JUN2020,59.6
2418,13JUN2020,57.2
2419,14JUN2020,54.9
2420,15JUN2020,60.4
2421,16JUN2020,64.4
2422,17JUN2020,65.3
2423,18JUN2020,61.1
2424,19JUN2020,58.8
2425,20JUN2020,56.4
2426,21JUN2020,54.2
2427,22JUN2020,55.2
2428,23JUN2020,63.0
2429,24JUN2020,64.7
2430,25JUN2020,61.4
2431,26JUN2020,59.9
2432,27JUN2020,57.7
2433,28JUN2020,55.9
2434,29JUN2020,57.5
2435,30JUN2020,61.3
2436,01JUL2020,61.9
2437,02JUL2020,62.1
2438,03JUL2020,58.4
2439,04JUL2020,54.1
2440,05JUL2020,54.0
2441,06JUL2020,57.1
2442,07JUL2020,61.6
2443,01APR2020,51.5
2444,02APR2020,52.8
2445,03APR2020,50.1
2446,04APR2020,47.3
2447,05APR2020,48.0
2448,06APR2020,48.3
2449,07APR2020,49.8
2450,08APR2020,50.9
2451,09APR2020,51.4
2452,10APR2020,48.8
2453,11APR2020,47.9
2454,12APR2020,48.7
2455,13APR2020,50.6
2456,14APR2020,54.7
2457,15APR2020,53.3
2458,16APR2020,54.2
2459,17APR2020,52.6
2460,18APR2020,51.9
2461,19APR2020,54.2
2462,20APR2020,51.7
2463,21APR2020,55.8
2464,22APR2020,57.8
2465,23APR2020,57.1
2466,24APR2020,55.8
2467,25APR2020,53.1
2468,26APR2020,53.1
2469,27APR2020,54.3
2470,28APR2020,57.4
2471,29APR2020,59.1
2472,30APR2020,55.5
2473,01MAY2020,57.4
2474,02MAY2020,54.9
2475,03MAY2020,52.5
2476,04MAY2020,53.5
2477,05MAY2020,59.3
2478,06MAY2020,59.2
2479,07MAY2020,58.0
2480,08MAY2020,56.4
2481,09MAY2020,55.0
2482,10MAY2020,53.7
2483,11MAY2020,55.5
2484,12MAY2020,59.8
2485,13MAY2020,62.5
2486,14MAY2020,61.9
2487,15MAY2020,61.4
2488,16MAY2020,58.8
2489,17MAY2020,56.3
2490,18MAY2020,59.7
2491,19MAY2020,62.2
2492,20MAY2020,63.1
2493,21MAY2020,61.5
2494,22MAY2020,61.1
2495,23MAY2020,57.9
2496,24MAY2020,56.4
2497,25MAY2020,58.1
2498,26MAY2020,58.8
2499,27MAY2020,62.7
2500,28MAY2020,62.6
2501,29MAY2020,63.6
2502,30MAY2020,59.1
2503,31MAY2020,57.3
2504,01JUN2020,60.2
2505,02JUN2020,63.8
2506,03JUN2020,62.1
2507,04JUN2020,61.7
2508,05JUN2020,60.4
2509,06JUN2020,58.2
2510,07JUN2020,56.3
2511,08JUN2020,60.6
2512,09JUN2020,66.7
2513,10JUN2020,60.2
2514,11JUN2020,66.9
2515,12JUN2020,61.7
2516,13JUN2020,60.8
2517,14JUN2020,60.8
2518,15JUN2020,61.1
2519,16JUN2020,63.2
2520,17JUN2020,61.2
2521,18JUN2020,64.5
2522,19JUN2020,64.3
2523,20JUN2020,58.2
2524,21JUN2020,55.2
2525,22JUN2020,59.6
2526,23JUN2020,63.8
2527,24JUN2020,65.4
2528,25JUN2020,62.8
2529,26JUN2020,64.6
2530,27JUN2020,59.0
2531,28JUN2020,58.0
2532,29JUN2020,58.3
2533,30JUN2020,61.9
2534,01JUL2020,64.3
2535,02JUL2020,63.1
2536,03JUL2020,56.8
2537,04JUL2020,53.9
2538,05JUL2020,55.0
2539,06JUL2020,56.3
2540,07JUL2020,59.9
2541,01APR2020,44.9
2542,02APR2020,45.6
2543,03APR2020,45.0
2544,04APR2020,43.7
2545,05APR2020,43.5
2546,06APR2020,45.2
2547,07APR2020,45.8
2548,08APR2020,44.8
2549,09APR2020,44.2
2550,10APR2020,45.8
2551,11APR2020,44.7
2552,12APR2020,43.4
2553,13APR2020,45.4
2554,14APR2020,47.7
2555,15APR2020,37.9
2556,16APR2020,36.9
2557,17APR2020,39.3
2558,18APR2020,38.6
2559,19APR2020,35.2
2560,20APR2020,37.8
2561,21APR2020,39.1
2562,22APR2020,39.0
2563,23APR2020,43.9
2564,24APR2020,38.4
2565,25APR2020,34.6
2566,26APR2020,38.7
2567,27APR2020,42.4
2568,28APR2020,42.3
2569,29APR2020,45.0
2570,30APR2020,40.5
2571,01MAY2020,40.2
2572,02MAY2020,37.8
2573,03MAY2020,36.4
2574,04MAY2020,37.7
2575,05MAY2020,41.9
2576,06MAY2020,41.6
2577,07MAY2020,44.7
2578,08MAY2020,43.5
2579,09MAY2020,45.1
2580,10MAY2020,44.0
2581,11MAY2020,45.7
2582,12MAY2020,48.4
2583,13MAY2020,51.9
2584,14MAY2020,52.0
2585,15MAY2020,51.4
2586,16MAY2020,54.7
2587,17MAY2020,54.2
2588,18MAY2020,55.9
2589,19MAY2020,56.5
2590,20MAY2020,56.8
2591,21MAY2020,53.3
2592,22MAY2020,53.9
2593,23MAY2020,50.3
2594,24MAY2020,48.1
2595,25MAY2020,45.3
2596,26MAY2020,45.3
2597,27MAY2020,50.1
2598,28MAY2020,51.3
2599,29MAY2020,54.2
2600,30MAY2020,52.1
2601,31MAY2020,52.3
2602,01JUN2020,43.9
2603,02JUN2020,49.3
2604,03JUN2020,50.4
2605,04JUN2020,46.8
2606,05JUN2020,50.9
2607,06JUN2020,50.3
2608,07JUN2020,57.7
2609,08JUN2020,56.8
2610,09JUN2020,63.1
2611,10JUN2020,49.7
2612,11JUN2020,52.3
2613,12JUN2020,56.8
2614,13JUN2020,47.0
2615,14JUN2020,47.0
2616,15JUN2020,49.3
2617,16JUN2020,52.1
2618,17JUN2020,51.2
2619,18JUN2020,63.2
2620,19JUN2020,58.1
2621,20JUN2020,50.8
2622,21JUN2020,48.4
2623,22JUN2020,56.6
2624,23JUN2020,46.6
2625,24JUN2020,52.4
2626,25JUN2020,51.7
2627,26JUN2020,48.6
2628,27JUN2020,47.0
2629,28JUN2020,50.7
2630,29JUN2020,59.9
2631,30JUN2020,66.9
2632,01JUL2020,70.0
2633,02JUL2020,68.0
2634,03JUL2020,68.0
2635,04JUL2020,63.8
2636,05JUL2020,61.0
2637,06JUL2020,60.4
2638,07JUL2020,67.9
2639,01APR2020,59.3
2640,02APR2020,53.4
2641,03APR2020,52.5
2642,04APR2020,53.0
2643,05APR2020,51.9
2644,06APR2020,56.1
2645,07APR2020,54.2
2646,08APR2020,57.5
2647,09APR2020,58.0
2648,10APR2020,56.4
2649,11APR2020,56.7
2650,12APR2020,55.0
2651,13APR2020,53.3
2652,14APR2020,56.9
2653,15APR2020,57.6
2654,16APR2020,57.7
2655,17APR2020,56.8
2656,18APR2020,55.7
2657,19APR2020,56.5
2658,20APR2020,58.0
2659,21APR2020,60.7
2660,22APR2020,62.3
2661,23APR2020,62.4
2662,24APR2020,61.7
2663,25APR2020,60.3
2664,26APR2020,59.9
2665,27APR2020,62.2
2666,28APR2020,62.4
2667,29APR2020,62.9
2668,30APR2020,62.8
2669,01MAY2020,60.6
2670,02MAY2020,60.0
2671,03MAY2020,59.6
2672,04MAY2020,61.2
2673,05MAY2020,63.4
2674,06MAY2020,62.7
2675,07MAY2020,62.1
2676,08MAY2020,62.5
2677,09MAY2020,60.8
2678,10MAY2020,58.7
2679,11MAY2020,59.5
2680,12MAY2020,61.9
2681,13MAY2020,61.9
2682,14MAY2020,63.3
2683,15MAY2020,62.2
2684,16MAY2020,62.5
2685,17MAY2020,62.0
2686,18MAY2020,63.3
2687,19MAY2020,64.8
2688,20MAY2020,66.9
2689,21MAY2020,66.9
2690,22MAY2020,66.6
2691,23MAY2020,63.7
2692,24MAY2020,63.2
2693,25MAY2020,63.1
2694,26MAY2020,65.0
2695,27MAY2020,69.0
2696,28MAY2020,66.0
2697,29MAY2020,65.4
2698,30MAY2020,66.5
2699,31MAY2020,66.1
2700,01JUN2020,68.1
2701,02JUN2020,69.7
2702,03JUN2020,66.3
2703,04JUN2020,71.9
2704,05JUN2020,72.4
2705,06JUN2020,68.7
2706,07JUN2020,65.5
2707,08JUN2020,67.6
2708,09JUN2020,68.1
2709,10JUN2020,69.1
2710,11JUN2020,70.3
2711,12JUN2020,65.7
2712,13JUN2020,64.7
2713,14JUN2020,64.5
2714,15JUN2020,69.1
2715,16JUN2020,71.0
2716,17JUN2020,67.5
2717,18JUN2020,71.3
2718,19JUN2020,71.7
2719,20JUN2020,70.9
2720,21JUN2020,64.6
2721,22JUN2020,66.2
2722,23JUN2020,68.4
2723,24JUN2020,62.0
2724,25JUN2020,68.6
2725,26JUN2020,70.0
2726,27JUN2020,67.9
2727,28JUN2020,67.2
2728,29JUN2020,68.6
2729,30JUN2020,71.9
2730,01JUL2020,71.9
2731,02JUL2020,70.4
2732,03JUL2020,68.8
2733,04JUL2020,66.1
2734,05JUL2020,65.5
2735,06JUL2020,68.4
2736,07JUL2020,69.9
2737,01APR2020,36.9
2738,02APR2020,39.2
2739,03APR2020,40.4
2740,04APR2020,38.7
2741,05APR2020,34.6
2742,06APR2020,34.9
2743,07APR2020,38.1
2744,08APR2020,35.3
2745,09APR2020,33.1
2746,10APR2020,31.9
2747,11APR2020,30.7
2748,12APR2020,30.9
2749,13APR2020,38.8
2750,14APR2020,42.8
2751,15APR2020,35.2
2752,16APR2020,38.8
2753,17APR2020,40.3
2754,18APR2020,35.5
2755,19APR2020,35.4
2756,20APR2020,36.9
2757,21APR2020,38.7
2758,22APR2020,40.0
2759,23APR2020,38.4
2760,24APR2020,35.5
2761,25APR2020,34.7
2762,26APR2020,33.7
2763,27APR2020,34.2
2764,28APR2020,36.8
2765,29APR2020,37.8
2766,30APR2020,37.0
2767,01MAY2020,34.5
2768,02MAY2020,34.7
2769,03MAY2020,35.9
2770,04MAY2020,37.4
2771,05MAY2020,39.9
2772,06MAY2020,42.9
2773,07MAY2020,44.7
2774,08MAY2020,41.2
2775,09MAY2020,41.9
2776,10MAY2020,40.3
2777,11MAY2020,39.0
2778,12MAY2020,42.2
2779,13MAY2020,45.6
2780,14MAY2020,44.2
2781,15MAY2020,45.1
2782,16MAY2020,43.4
2783,17MAY2020,42.3
2784,18MAY2020,39.6
2785,19MAY2020,44.9
2786,20MAY2020,41.8
2787,21MAY2020,46.5
2788,22MAY2020,47.2
2789,23MAY2020,47.3
2790,24MAY2020,41.9
2791,25MAY2020,42.5
2792,26MAY2020,44.0
2793,27MAY2020,45.6
2794,28MAY2020,46.2
2795,29MAY2020,43.2
2796,30MAY2020,39.8
2797,31MAY2020,36.1
2798,01JUN2020,36.9
2799,02JUN2020,44.4
2800,03JUN2020,45.7
2801,04JUN2020,49.3
2802,05JUN2020,48.1
2803,06JUN2020,46.2
2804,07JUN2020,43.3
2805,08JUN2020,43.3
2806,09JUN2020,47.6
2807,10JUN2020,46.1
2808,11JUN2020,48.6
2809,12JUN2020,47.7
2810,13JUN2020,45.6
2811,14JUN2020,42.2
2812,15JUN2020,43.6
2813,16JUN2020,44.5
2814,17JUN2020,46.0
2815,18JUN2020,43.1
2816,19JUN2020,43.3
2817,20JUN2020,42.2
2818,21JUN2020,39.5
2819,22JUN2020,39.8
2820,23JUN2020,45.4
2821,24JUN2020,46.9
2822,25JUN2020,45.4
2823,26JUN2020,44.2
2824,27JUN2020,42.3
2825,28JUN2020,40.5
2826,29JUN2020,42.6
2827,30JUN2020,49.3
2828,01JUL2020,56.0
2829,02JUL2020,53.0
2830,03JUL2020,42.7
2831,04JUL2020,39.1
2832,05JUL2020,39.4
2833,06JUL2020,40.7
2834,07JUL2020,47.3
2835,01APR2020,43.9
2836,02APR2020,43.8
2837,03APR2020,39.8
2838,04APR2020,37.8
2839,05APR2020,38.7
2840,06APR2020,41.1
2841,07APR2020,41.4
2842,08APR2020,43.3
2843,09APR2020,43.3
2844,10APR2020,42.2
2845,11APR2020,41.0
2846,12APR2020,41.0
2847,13APR2020,41.9
2848,14APR2020,43.9
2849,15APR2020,42.9
2850,16APR2020,46.0
2851,17APR2020,45.8
2852,18APR2020,43.9
2853,19APR2020,44.0
2854,20APR2020,44.2
2855,21APR2020,45.6
2856,22APR2020,48.1
2857,23APR2020,49.2
2858,24APR2020,48.0
2859,25APR2020,47.8
2860,26APR2020,46.5
2861,27APR2020,46.1
2862,28APR2020,49.6
2863,29APR2020,46.7
2864,30APR2020,47.7
2865,01MAY2020,48.6
2866,02MAY2020,45.7
2867,03MAY2020,42.9
2868,04MAY2020,45.6
2869,05MAY2020,49.1
2870,06MAY2020,49.3
2871,07MAY2020,49.5
2872,08MAY2020,50.1
2873,09MAY2020,49.2
2874,10MAY2020,47.9
2875,11MAY2020,47.3
2876,12MAY2020,47.9
2877,13MAY2020,49.8
2878,14MAY2020,49.8
2879,15MAY2020,52.2
2880,16MAY2020,50.7
2881,17MAY2020,49.5
2882,18MAY2020,50.6
2883,19MAY2020,51.5
2884,20MAY2020,52.6
2885,21MAY2020,53.8
2886,22MAY2020,52.3
2887,23MAY2020,51.4
2888,24MAY2020,48.8
2889,25MAY2020,46.9
2890,26MAY2020,47.4
2891,27MAY2020,52.2
2892,28MAY2020,56.3
2893,29MAY2020,54.7
2894,30MAY2020,51.8
2895,31MAY2020,49.2
2896,01JUN2020,49.1
2897,02JUN2020,53.6
2898,03JUN2020,56.1
2899,04JUN2020,55.2
2900,05JUN2020,52.2
2901,06JUN2020,53.3
2902,07JUN2020,51.2
2903,08JUN2020,52.8
2904,09JUN2020,56.5
2905,10JUN2020,59.1
2906,11JUN2020,60.1
2907,12JUN2020,59.2
2908,13JUN2020,56.8
2909,14JUN2020,55.1
2910,15JUN2020,53.7
2911,16JUN2020,53.6
2912,17JUN2020,57.4
2913,18JUN2020,59.1
2914,19JUN2020,60.9
2915,20JUN2020,56.1
2916,21JUN2020,54.9
2917,22JUN2020,54.7
2918,23JUN2020,55.3
2919,24JUN2020,57.2
2920,25JUN2020,59.7
2921,26JUN2020,59.2
2922,27JUN2020,55.6
2923,28JUN2020,51.2
2924,29JUN2020,52.3
2925,30JUN2020,56.4
2926,01JUL2020,56.3
2927,02JUL2020,56.3
2928,03JUL2020,51.9
2929,04JUL2020,48.0
2930,05JUL2020,49.9
2931,06JUL2020,52.7
2932,07JUL2020,58.3
2933,01APR2020,48.4
2934,02APR2020,44.6
2935,03APR2020,43.1
2936,04APR2020,42.7
2937,05APR2020,45.1
2938,06APR2020,45.4
2939,07APR2020,42.4
2940,08APR2020,44.7
2941,09APR2020,47.2
2942,10APR2020,44.2
2943,11APR2020,41.9
2944,12APR2020,40.1
2945,13APR2020,43.6
2946,14APR2020,48.3
2947,15APR2020,51.3
2948,16APR2020,51.5
2949,17APR2020,52.7
2950,18APR2020,51.0
2951,19APR2020,49.3
2952,20APR2020,50.9
2953,21APR2020,53.4
2954,22APR2020,52.7
2955,23APR2020,50.4
2956,24APR2020,51.1
2957,25APR2020,50.4
2958,26APR2020,50.8
2959,27APR2020,52.3
2960,28APR2020,55.2
2961,29APR2020,55.1
2962,30APR2020,57.5
2963,01MAY2020,57.6
2964,02MAY2020,57.3
2965,03MAY2020,57.7
2966,04MAY2020,60.2
2967,05MAY2020,60.5
2968,06MAY2020,57.2
2969,07MAY2020,54.8
2970,08MAY2020,54.2
2971,09MAY2020,54.0
2972,10MAY2020,53.9
2973,11MAY2020,55.1
2974,12MAY2020,56.2
2975,13MAY2020,59.1
2976,14MAY2020,57.8
2977,15MAY2020,57.3
2978,16MAY2020,57.0
2979,17MAY2020,57.0
2980,18MAY2020,56.7
2981,19MAY2020,60.8
2982,20MAY2020,60.1
2983,21MAY2020,60.9
2984,22MAY2020,60.8
2985,23MAY2020,60.2
2986,24MAY2020,56.7
2987,25MAY2020,58.3
2988,26MAY2020,60.7
2989,27MAY2020,61.6
2990,28MAY2020,65.6
2991,29MAY2020,63.7
2992,30MAY2020,59.7
2993,31MAY2020,60.4
2994,01JUN2020,59.2
2995,02JUN2020,62.7
2996,03JUN2020,62.4
2997,04JUN2020,62.0
2998,05JUN2020,61.1
2999,06JUN2020,57.8
3000,07JUN2020,56.0
3001,08JUN2020,57.6
3002,09JUN2020,60.6
3003,10JUN2020,62.5
3004,11JUN2020,62.8
3005,12JUN2020,62.1
3006,13JUN2020,59.2
3007,14JUN2020,56.9
3008,15JUN2020,57.8
3009,16JUN2020,60.5
3010,17JUN2020,60.3
3011,18JUN2020,61.6
3012,19JUN2020,62.4
3013,20JUN2020,59.4
3014,21JUN2020,57.1
3015,22JUN2020,58.5
3016,23JUN2020,60.5
3017,24JUN2020,62.2
3018,25JUN2020,62.5
3019,26JUN2020,61.8
3020,27JUN2020,60.3
3021,28JUN2020,59.2
3022,29JUN2020,61.2
3023,30JUN2020,64.3
3024,01JUL2020,64.7
3025,02JUL2020,64.3
3026,03JUL2020,63.8
3027,04JUL2020,60.2
3028,05JUL2020,59.6
3029,06JUL2020,62.2
3030,07JUL2020,65.2
3031,01APR2020,55.5
3032,02APR2020,55.7
3033,03APR2020,57.1
3034,04APR2020,53.5
3035,05APR2020,52.9
3036,06APR2020,53.8
3037,07APR2020,64.2
3038,08APR2020,65.8
3039,09APR2020,68.6
3040,10APR2020,65.5
3041,11APR2020,68.0
3042,12APR2020,67.1
3043,13APR2020,73.9
3044,14APR2020,78.0
3045,15APR2020,78.0
3046,16APR2020,78.7
3047,17APR2020,80.0
3048,18APR2020,78.3
3049,19APR2020,77.9
3050,20APR2020,78.8
3051,21APR2020,80.7
3052,22APR2020,81.6
3053,23APR2020,81.2
3054,24APR2020,81.4
3055,25APR2020,78.5
3056,26APR2020,79.2
3057,27APR2020,78.5
3058,28APR2020,78.3
3059,29APR2020,76.5
3060,30APR2020,75.9
3061,01MAY2020,76.8
3062,02MAY2020,71.1
3063,03MAY2020,72.6
3064,04MAY2020,73.5
3065,05MAY2020,71.2
3066,06MAY2020,70.2
3067,07MAY2020,69.9
3068,08MAY2020,71.6
3069,09MAY2020,60.8
3070,10MAY2020,57.9
3071,11MAY2020,51.5
3072,12MAY2020,61.1
3073,13MAY2020,59.7
3074,14MAY2020,60.2
3075,15MAY2020,57.3
3076,16MAY2020,58.5
3077,17MAY2020,58.6
3078,18MAY2020,60.0
3079,19MAY2020,60.0
3080,20MAY2020,60.0
3081,21MAY2020,58.8
3082,22MAY2020,58.9
3083,23MAY2020,58.0
3084,24MAY2020,58.1
3085,25MAY2020,56.6
3086,26MAY2020,57.8
3087,27MAY2020,59.2
3088,28MAY2020,59.0
3089,29MAY2020,58.9
3090,30MAY2020,59.7
3091,31MAY2020,57.8
3092,01JUN2020,56.1
3093,02JUN2020,59.2
3094,03JUN2020,65.0
3095,04JUN2020,60.4
3096,05JUN2020,59.5
3097,06JUN2020,57.7
3098,07JUN2020,54.1
3099,08JUN2020,56.5
3100,09JUN2020,79.5
3101,10JUN2020,82.0
3102,11JUN2020,61.2
3103,12JUN2020,62.8
3104,13JUN2020,59.5
3105,14JUN2020,57.5
3106,15JUN2020,58.2
3107,16JUN2020,61.7
3108,17JUN2020,60.3
3109,18JUN2020,79.5
3110,19JUN2020,60.2
3111,20JUN2020,56.7
3112,21JUN2020,55.9
3113,22JUN2020,79.0
3114,23JUN2020,80.8
3115,24JUN2020,83.1
3116,25JUN2020,75.0
3117,26JUN2020,61.4
3118,27JUN2020,61.3
3119,28JUN2020,59.9
3120,29JUN2020,59.6
3121,30JUN2020,63.3
3122,01JUL2020,75.4
3123,02JUL2020,76.0
3124,03JUL2020,60.6
3125,04JUL2020,57.6
3126,05JUL2020,57.7
3127,06JUL2020,58.8
3128,07JUL2020,62.1
3129,01APR2020,57.6
3130,02APR2020,55.3
3131,03APR2020,60.2
3132,04APR2020,56.5
3133,05APR2020,55.1
3134,06APR2020,55.8
3135,07APR2020,61.2
3136,08APR2020,53.8
3137,09APR2020,54.5
3138,10APR2020,60.7
3139,11APR2020,61.3
3140,12APR2020,54.9
3141,13APR2020,55.0
3142,14APR2020,53.2
3143,15APR2020,56.4
3144,16APR2020,53.2
3145,17APR2020,55.7
3146,18APR2020,55.7
3147,19APR2020,54.5
3148,20APR2020,52.0
3149,21APR2020,51.2
3150,22APR2020,55.2
3151,23APR2020,55.8
3152,24APR2020,57.7
3153,25APR2020,56.4
3154,26APR2020,53.8
3155,27APR2020,54.1
3156,28APR2020,56.5
3157,29APR2020,55.0
3158,30APR2020,56.7
3159,01MAY2020,54.6
3160,02MAY2020,56.7
3161,03MAY2020,57.1
3162,04MAY2020,56.4
3163,05MAY2020,55.9
3164,06MAY2020,58.1
3165,07MAY2020,59.2
3166,08MAY2020,58.3
3167,09MAY2020,57.9
3168,10MAY2020,57.5
3169,11MAY2020,60.3
3170,12MAY2020,60.4
3171,13MAY2020,61.3
3172,14MAY2020,62.1
3173,15MAY2020,61.5
3174,16MAY2020,63.3
3175,17MAY2020,61.9
3176,18MAY2020,62.5
3177,19MAY2020,65.2
3178,20MAY2020,66.7
3179,21MAY2020,64.4
3180,22MAY2020,63.6
3181,23MAY2020,62.7
3182,24MAY2020,61.9
3183,25MAY2020,62.2
3184,26MAY2020,62.5
3185,27MAY2020,65.8
3186,28MAY2020,70.8
3187,29MAY2020,63.7
3188,30MAY2020,62.1
3189,31MAY2020,62.1
3190,01JUN2020,66.2
3191,02JUN2020,71.0
3192,03JUN2020,70.6
3193,04JUN2020,68.8
3194,05JUN2020,68.6
3195,06JUN2020,61.9
3196,07JUN2020,61.4
3197,08JUN2020,62.5
3198,09JUN2020,65.7
3199,10JUN2020,69.2
3200,11JUN2020,69.2
3201,12JUN2020,65.2
3202,13JUN2020,64.7
3203,14JUN2020,62.4
3204,15JUN2020,63.2
3205,16JUN2020,65.2
3206,17JUN2020,70.4
3207,18JUN2020,69.9
3208,19JUN2020,67.9
3209,20JUN2020,63.7
3210,21JUN2020,61.7
3211,22JUN2020,61.9
3212,23JUN2020,62.5
3213,24JUN2020,65.9
3214,25JUN2020,66.5
3215,26JUN2020,65.0
3216,27JUN2020,65.6
3217,28JUN2020,60.3
3218,29JUN2020,61.3
3219,30JUN2020,65.1
3220,01JUL2020,65.6
3221,02JUL2020,63.6
3222,03JUL2020,60.4
3223,04JUL2020,56.3
3224,05JUL2020,56.1
3225,06JUL2020,56.1
3226,07JUL2020,61.1
3227,01APR2020,62.7
3228,02APR2020,59.6
3229,03APR2020,61.8
3230,04APR2020,58.9
3231,05APR2020,58.0
3232,06APR2020,57.3
3233,07APR2020,65.7
3234,08APR2020,64.9
3235,09APR2020,65.3
3236,10APR2020,64.2
3237,11APR2020,60.7
3238,12APR2020,61.0
3239,13APR2020,62.9
3240,14APR2020,60.9
3241,15APR2020,59.6
3242,16APR2020,61.2
3243,17APR2020,61.4
3244,18APR2020,62.5
3245,19APR2020,62.5
3246,20APR2020,60.7
3247,21APR2020,63.8
3248,22APR2020,63.5
3249,23APR2020,62.8
3250,24APR2020,62.9
3251,25APR2020,62.1
3252,26APR2020,60.7
3253,27APR2020,62.1
3254,28APR2020,60.6
3255,29APR2020,61.9
3256,30APR2020,65.8
3257,01MAY2020,65.7
3258,02MAY2020,63.8
3259,03MAY2020,62.4
3260,04MAY2020,62.8
3261,05MAY2020,64.5
3262,06MAY2020,65.1
3263,07MAY2020,65.3
3264,08MAY2020,64.9
3265,09MAY2020,66.2
3266,10MAY2020,65.3
3267,11MAY2020,68.0
3268,12MAY2020,71.2
3269,13MAY2020,71.5
3270,14MAY2020,71.0
3271,15MAY2020,71.7
3272,16MAY2020,68.0
3273,17MAY2020,66.5
3274,18MAY2020,62.4
3275,19MAY2020,69.4
3276,20MAY2020,69.3
3277,21MAY2020,70.2
3278,22MAY2020,69.0
3279,23MAY2020,67.9
3280,24MAY2020,65.7
3281,25MAY2020,65.7
3282,26MAY2020,67.8
3283,27MAY2020,71.8
3284,28MAY2020,73.5
3285,29MAY2020,68.5
3286,30MAY2020,68.1
3287,31MAY2020,65.4
3288,01JUN2020,68.0
3289,02JUN2020,71.0
3290,03JUN2020,69.4
3291,04JUN2020,70.6
3292,05JUN2020,71.7
3293,06JUN2020,71.3
3294,07JUN2020,70.9
3295,08JUN2020,66.4
3296,09JUN2020,68.0
3297,10JUN2020,67.6
3298,11JUN2020,70.0
3299,12JUN2020,72.6
3300,13JUN2020,72.7
3301,14JUN2020,70.4
3302,15JUN2020,70.9
3303,16JUN2020,72.7
3304,17JUN2020,76.6
3305,18JUN2020,72.5
3306,19JUN2020,71.5
3307,20JUN2020,68.5
3308,21JUN2020,67.2
3309,22JUN2020,66.8
3310,23JUN2020,72.4
3311,24JUN2020,73.4
3312,25JUN2020,75.9
3313,26JUN2020,76.2
3314,27JUN2020,75.6
3315,28JUN2020,72.4
3316,29JUN2020,72.5
3317,30JUN2020,75.5
3318,01JUL2020,76.8
3319,02JUL2020,75.5
3320,03JUL2020,75.5
3321,04JUL2020,72.1
3322,05JUL2020,72.3
3323,06JUL2020,73.9
3324,07JUL2020,77.2
3325,01APR2020,74.8
3326,02APR2020,76.5
3327,03APR2020,75.7
3328,04APR2020,75.6
3329,05APR2020,76.2
3330,06APR2020,76.4
3331,07APR2020,76.2
3332,08APR2020,75.8
3333,09APR2020,75.9
3334,10APR2020,77.1
3335,11APR2020,75.6
3336,12APR2020,76.0
3337,13APR2020,75.6
3338,14APR2020,75.1
3339,15APR2020,74.4
3340,16APR2020,73.0
3341,17APR2020,71.2
3342,18APR2020,67.9
3343,19APR2020,70.0
3344,20APR2020,71.2
3345,21APR2020,71.6
3346,22APR2020,70.0
3347,23APR2020,70.0
3348,24APR2020,68.3
3349,25APR2020,67.2
3350,26APR2020,67.1
3351,27APR2020,67.7
3352,28APR2020,67.6
3353,29APR2020,66.9
3354,30APR2020,64.8
3355,01MAY2020,63.8
3356,02MAY2020,62.0
3357,03MAY2020,61.9
3358,04MAY2020,63.9
3359,05MAY2020,65.9
3360,06MAY2020,65.9
3361,07MAY2020,65.1
3362,08MAY2020,64.3
3363,09MAY2020,62.3
3364,10MAY2020,62.8
3365,11MAY2020,63.0
3366,12MAY2020,64.4
3367,13MAY2020,64.2
3368,14MAY2020,64.0
3369,15MAY2020,63.8
3370,16MAY2020,62.8
3371,17MAY2020,63.7
3372,18MAY2020,66.3
3373,19MAY2020,67.5
3374,20MAY2020,68.1
3375,21MAY2020,66.1
3376,22MAY2020,65.7
3377,23MAY2020,62.9
3378,24MAY2020,62.4
3379,25MAY2020,63.6
3380,26MAY2020,65.8
3381,27MAY2020,67.6
3382,28MAY2020,68.2
3383,29MAY2020,68.4
3384,30MAY2020,65.8
3385,31MAY2020,65.4
3386,01JUN2020,66.6
3387,02JUN2020,67.7
3388,03JUN2020,68.3
3389,04JUN2020,67.5
3390,05JUN2020,65.2
3391,06JUN2020,63.6
3392,07JUN2020,63.0
3393,08JUN2020,65.1
3394,09JUN2020,66.3
3395,10JUN2020,68.1
3396,11JUN2020,66.9
3397,12JUN2020,67.3
3398,13JUN2020,65.7
3399,14JUN2020,63.1
3400,15JUN2020,65.6
3401,16JUN2020,67.1
3402,17JUN2020,69.6
3403,18JUN2020,66.9
3404,19JUN2020,66.6
3405,20JUN2020,63.5
3406,21JUN2020,60.7
3407,22JUN2020,62.7
3408,23JUN2020,68.2
3409,24JUN2020,70.5
3410,25JUN2020,69.8
3411,26JUN2020,67.7
3412,27JUN2020,64.4
3413,28JUN2020,61.6
3414,29JUN2020,66.7
3415,30JUN2020,68.2
3416,01JUL2020,69.1
3417,02JUL2020,67.4
3418,03JUL2020,66.0
3419,04JUL2020,62.4
3420,05JUL2020,62.2
3421,06JUL2020,65.3
3422,07JUL2020,69.6
3423,01APR2020,48.6
3424,02APR2020,46.7
3425,03APR2020,44.7
3426,04APR2020,44.7
3427,05APR2020,44.3
3428,06APR2020,44.3
3429,07APR2020,41.6
3430,08APR2020,39.6
3431,09APR2020,38.9
3432,10APR2020,38.9
3433,11APR2020,38.0
3434,12APR2020,38.4
3435,13APR2020,39.6
3436,14APR2020,44.3
3437,15APR2020,44.8
3438,16APR2020,44.3
3439,17APR2020,44.3
3440,18APR2020,43.0
3441,19APR2020,44.2
3442,20APR2020,44.0
3443,21APR2020,46.7
3444,22APR2020,45.2
3445,23APR2020,46.7
3446,24APR2020,46.8
3447,25APR2020,45.3
3448,26APR2020,45.1
3449,27APR2020,44.9
3450,28APR2020,47.4
3451,29APR2020,48.3
3452,30APR2020,47.5
3453,01MAY2020,47.6
3454,02MAY2020,46.3
3455,03MAY2020,45.1
3456,04MAY2020,46.3
3457,05MAY2020,48.5
3458,06MAY2020,49.0
3459,07MAY2020,49.2
3460,08MAY2020,48.6
3461,09MAY2020,47.0
3462,10MAY2020,46.1
3463,11MAY2020,48.3
3464,12MAY2020,51.2
3465,13MAY2020,51.8
3466,14MAY2020,52.1
3467,15MAY2020,51.6
3468,16MAY2020,51.0
3469,17MAY2020,49.4
3470,18MAY2020,51.4
3471,19MAY2020,55.7
3472,20MAY2020,56.6
3473,21MAY2020,55.1
3474,22MAY2020,54.9
3475,23MAY2020,52.7
3476,24MAY2020,51.3
3477,25MAY2020,50.9
3478,26MAY2020,52.3
3479,27MAY2020,54.1
3480,28MAY2020,54.7
3481,29MAY2020,56.1
3482,30MAY2020,55.1
3483,31MAY2020,52.9
3484,01JUN2020,53.0
3485,02JUN2020,56.8
3486,03JUN2020,57.6
3487,04JUN2020,60.5
3488,05JUN2020,60.4
3489,06JUN2020,58.8
3490,07JUN2020,53.3
3491,08JUN2020,53.9
3492,09JUN2020,57.5
3493,10JUN2020,60.0
3494,11JUN2020,60.1
3495,12JUN2020,60.8
3496,13JUN2020,57.4
3497,14JUN2020,54.5
3498,15JUN2020,53.4
3499,16JUN2020,59.6
3500,17JUN2020,60.9
3501,18JUN2020,59.3
3502,19JUN2020,57.1
3503,20JUN2020,55.9
3504,21JUN2020,54.3
3505,22JUN2020,54.3
3506,23JUN2020,59.5
3507,24JUN2020,61.1
3508,25JUN2020,59.7
3509,26JUN2020,58.7
3510,27JUN2020,55.1
3511,28JUN2020,54.6
3512,29JUN2020,56.7
3513,30JUN2020,60.8
3514,01JUL2020,61.3
3515,02JUL2020,59.8
3516,03JUL2020,57.9
3517,04JUL2020,53.7
3518,05JUL2020,53.1
3519,06JUL2020,55.6
3520,07JUL2020,60.0
3521,01APR2020,47.8
3522,02APR2020,48.6
3523,03APR2020,47.0
3524,04APR2020,45.4
3525,05APR2020,42.6
3526,06APR2020,44.2
3527,07APR2020,47.1
3528,08APR2020,47.5
3529,09APR2020,47.4
3530,10APR2020,47.0
3531,11APR2020,44.7
3532,12APR2020,43.0
3533,13APR2020,46.4
3534,14APR2020,46.9
3535,15APR2020,45.3
3536,16APR2020,44.8
3537,17APR2020,44.2
3538,18APR2020,42.4
3539,19APR2020,42.5
3540,20APR2020,43.2
3541,21APR2020,45.0
3542,22APR2020,46.9
3543,23APR2020,44.8
3544,24APR2020,43.5
3545,25APR2020,41.9
3546,26APR2020,41.0
3547,27APR2020,43.7
3548,28APR2020,46.3
3549,29APR2020,46.9
3550,30APR2020,45.7
3551,01MAY2020,46.3
3552,02MAY2020,42.3
3553,03MAY2020,41.2
3554,04MAY2020,44.2
3555,05MAY2020,47.4
3556,06MAY2020,49.4
3557,07MAY2020,48.5
3558,08MAY2020,48.7
3559,09MAY2020,44.9
3560,10MAY2020,43.0
3561,11MAY2020,46.2
3562,12MAY2020,49.7
3563,13MAY2020,51.4
3564,14MAY2020,51.5
3565,15MAY2020,50.5
3566,16MAY2020,46.5
3567,17MAY2020,44.8
3568,18MAY2020,47.6
3569,19MAY2020,50.5
3570,20MAY2020,53.3
3571,21MAY2020,52.8
3572,22MAY2020,51.1
3573,23MAY2020,46.8
3574,24MAY2020,44.0
3575,25MAY2020,41.3
3576,26MAY2020,46.5
3577,27MAY2020,52.3
3578,28MAY2020,51.0
3579,29MAY2020,49.8
3580,30MAY2020,46.5
3581,31MAY2020,46.3
3582,01JUN2020,45.1
3583,02JUN2020,46.5
3584,03JUN2020,58.8
3585,04JUN2020,51.8
3586,05JUN2020,48.5
3587,06JUN2020,47.9
3588,07JUN2020,46.4
3589,08JUN2020,47.7
3590,09JUN2020,53.8
3591,10JUN2020,58.4
3592,11JUN2020,54.1
3593,12JUN2020,51.1
3594,13JUN2020,48.6
3595,14JUN2020,46.1
3596,15JUN2020,54.9
3597,16JUN2020,57.8
3598,17JUN2020,61.7
3599,18JUN2020,58.7
3600,19JUN2020,51.4
3601,20JUN2020,49.0
3602,21JUN2020,47.5
3603,22JUN2020,51.4
3604,23JUN2020,59.7
3605,24JUN2020,56.3
3606,25JUN2020,55.8
3607,26JUN2020,53.4
3608,27JUN2020,51.4
3609,28JUN2020,49.5
3610,29JUN2020,51.8
3611,30JUN2020,55.2
3612,01JUL2020,57.7
3613,02JUL2020,56.0
3614,03JUL2020,52.3
3615,04JUL2020,49.6
3616,05JUL2020,49.2
3617,06JUL2020,50.3
3618,07JUL2020,55.3
3619,01APR2020,58.5
3620,02APR2020,51.6
3621,03APR2020,49.7
3622,04APR2020,47.5
3623,05APR2020,47.3
3624,06APR2020,48.4
3625,07APR2020,50.8
3626,08APR2020,51.9
3627,09APR2020,52.4
3628,10APR2020,52.6
3629,11APR2020,49.9
3630,12APR2020,48.9
3631,13APR2020,48.3
3632,14APR2020,53.0
3633,15APR2020,41.5
3634,16APR2020,40.9
3635,17APR2020,41.2
3636,18APR2020,41.4
3637,19APR2020,39.3
3638,20APR2020,39.7
3639,21APR2020,40.3
3640,22APR2020,39.0
3641,23APR2020,40.1
3642,24APR2020,42.0
3643,25APR2020,41.3
3644,26APR2020,48.0
3645,27APR2020,52.6
3646,28APR2020,54.8
3647,29APR2020,55.0
3648,30APR2020,43.5
3649,01MAY2020,55.4
3650,02MAY2020,49.9
3651,03MAY2020,45.7
3652,04MAY2020,42.8
3653,05MAY2020,45.7
3654,06MAY2020,52.8
3655,07MAY2020,54.2
3656,08MAY2020,50.6
3657,09MAY2020,50.1
3658,10MAY2020,52.0
3659,11MAY2020,62.5
3660,12MAY2020,68.7
3661,13MAY2020,68.1
3662,14MAY2020,67.3
3663,15MAY2020,64.6
3664,16MAY2020,65.2
3665,17MAY2020,64.3
3666,18MAY2020,61.2
3667,19MAY2020,58.5
3668,20MAY2020,63.1
3669,21MAY2020,61.8
3670,22MAY2020,62.4
3671,23MAY2020,60.4
3672,24MAY2020,57.7
3673,25MAY2020,56.6
3674,26MAY2020,56.7
3675,27MAY2020,60.3
3676,28MAY2020,64.6
3677,29MAY2020,60.4
3678,30MAY2020,60.4
3679,31MAY2020,54.3
3680,01JUN2020,56.3
3681,02JUN2020,65.6
3682,03JUN2020,64.3
3683,04JUN2020,58.9
3684,05JUN2020,60.4
3685,06JUN2020,57.1
3686,07JUN2020,53.4
3687,08JUN2020,54.8
3688,09JUN2020,58.9
3689,10JUN2020,61.3
3690,11JUN2020,60.7
3691,12JUN2020,64.5
3692,13JUN2020,59.3
3693,14JUN2020,56.2
3694,15JUN2020,59.3
3695,16JUN2020,63.1
3696,17JUN2020,64.2
3697,18JUN2020,64.9
3698,19JUN2020,64.3
3699,20JUN2020,60.8
3700,21JUN2020,57.8
3701,22JUN2020,62.0
3702,23JUN2020,65.2
3703,24JUN2020,66.7
3704,25JUN2020,67.7
3705,26JUN2020,67.4
3706,27JUN2020,60.5
3707,28JUN2020,59.0
3708,29JUN2020,59.1
3709,30JUN2020,61.7
3710,01JUL2020,64.3
3711,02JUL2020,64.4
3712,03JUL2020,63.9
3713,04JUL2020,60.0
3714,05JUL2020,59.6
3715,06JUL2020,62.4
3716,07JUL2020,66.7
3717,01APR2020,52.4
3718,02APR2020,52.9
3719,03APR2020,51.2
3720,04APR2020,51.1
3721,05APR2020,53.3
3722,06APR2020,53.1
3723,07APR2020,55.2
3724,08APR2020,55.0
3725,09APR2020,54.6
3726,10APR2020,53.8
3727,11APR2020,52.1
3728,12APR2020,53.0
3729,13APR2020,53.2
3730,14APR2020,54.4
3731,15APR2020,56.4
3732,16APR2020,56.3
3733,17APR2020,55.7
3734,18APR2020,55.4
3735,19APR2020,55.5
3736,20APR2020,58.4
3737,21APR2020,59.9
3738,22APR2020,59.7
3739,23APR2020,59.1
3740,24APR2020,58.1
3741,25APR2020,56.8
3742,26APR2020,58.4
3743,27APR2020,61.9
3744,28APR2020,60.6
3745,29APR2020,60.6
3746,30APR2020,60.6
3747,01MAY2020,60.1
3748,02MAY2020,58.9
3749,03MAY2020,59.2
3750,04MAY2020,61.6
3751,05MAY2020,62.5
3752,06MAY2020,63.3
3753,07MAY2020,62.0
3754,08MAY2020,62.5
3755,09MAY2020,60.9
3756,10MAY2020,60.2
3757,11MAY2020,61.7
3758,12MAY2020,63.7
3759,13MAY2020,64.0
3760,14MAY2020,63.3
3761,15MAY2020,61.7
3762,16MAY2020,60.1
3763,17MAY2020,61.0
3764,18MAY2020,63.5
3765,19MAY2020,64.2
3766,20MAY2020,64.9
3767,21MAY2020,64.7
3768,22MAY2020,62.4
3769,23MAY2020,60.1
3770,24MAY2020,59.8
3771,25MAY2020,59.7
3772,26MAY2020,61.0
3773,27MAY2020,65.3
3774,28MAY2020,66.8
3775,29MAY2020,65.0
3776,30MAY2020,63.2
3777,31MAY2020,61.2
3778,01JUN2020,63.5
3779,02JUN2020,65.5
3780,03JUN2020,67.9
3781,04JUN2020,62.8
3782,05JUN2020,61.2
3783,06JUN2020,61.9
3784,07JUN2020,61.0
3785,08JUN2020,62.1
3786,09JUN2020,65.4
3787,10JUN2020,64.9
3788,11JUN2020,70.5
3789,12JUN2020,69.6
3790,13JUN2020,70.1
3791,14JUN2020,67.0
3792,15JUN2020,63.7
3793,16JUN2020,66.6
3794,17JUN2020,69.2
3795,18JUN2020,67.5
3796,19JUN2020,67.7
3797,20JUN2020,65.7
3798,21JUN2020,62.6
3799,22JUN2020,66.3
3800,23JUN2020,71.7
3801,24JUN2020,71.3
3802,25JUN2020,72.3
3803,26JUN2020,70.9
3804,27JUN2020,66.7
3805,28JUN2020,64.9
3806,29JUN2020,66.8
3807,30JUN2020,70.0
3808,01JUL2020,70.7
3809,02JUL2020,71.9
3810,03JUL2020,67.1
3811,04JUL2020,64.3
3812,05JUL2020,63.6
3813,06JUL2020,65.7
3814,07JUL2020,68.0
3815,01APR2020,36.5
3816,02APR2020,33.0
3817,03APR2020,33.9
3818,04APR2020,31.0
3819,05APR2020,38.8
3820,06APR2020,30.7
3821,07APR2020,31.2
3822,08APR2020,33.2
3823,09APR2020,32.2
3824,10APR2020,29.8
3825,11APR2020,28.2
3826,12APR2020,28.0
3827,13APR2020,33.1
3828,14APR2020,35.0
3829,15APR2020,36.9
3830,16APR2020,38.0
3831,17APR2020,39.2
3832,18APR2020,39.3
3833,19APR2020,37.8
3834,20APR2020,40.4
3835,21APR2020,40.9
3836,22APR2020,41.7
3837,23APR2020,42.9
3838,24APR2020,40.0
3839,25APR2020,40.0
3840,26APR2020,37.8
3841,27APR2020,38.3
3842,28APR2020,43.0
3843,29APR2020,47.2
3844,30APR2020,48.5
3845,01MAY2020,47.1
3846,02MAY2020,41.9
3847,03MAY2020,40.6
3848,04MAY2020,43.4
3849,05MAY2020,47.2
3850,06MAY2020,47.5
3851,07MAY2020,46.9
3852,08MAY2020,48.0
3853,09MAY2020,46.9
3854,10MAY2020,45.7
3855,11MAY2020,46.5
3856,12MAY2020,50.9
3857,13MAY2020,54.9
3858,14MAY2020,55.4
3859,15MAY2020,55.3
3860,16MAY2020,51.4
3861,17MAY2020,49.3
3862,18MAY2020,51.0
3863,19MAY2020,52.5
3864,20MAY2020,52.7
3865,21MAY2020,52.9
3866,22MAY2020,54.6
3867,23MAY2020,53.0
3868,24MAY2020,50.4
3869,25MAY2020,51.2
3870,26MAY2020,53.6
3871,27MAY2020,57.4
3872,28MAY2020,56.5
3873,29MAY2020,59.2
3874,30MAY2020,56.9
3875,31MAY2020,55.1
3876,01JUN2020,56.6
3877,02JUN2020,58.5
3878,03JUN2020,60.2
3879,04JUN2020,55.8
3880,05JUN2020,58.2
3881,06JUN2020,55.6
3882,07JUN2020,51.6
3883,08JUN2020,51.8
3884,09JUN2020,56.4
3885,10JUN2020,60.1
3886,11JUN2020,57.1
3887,12JUN2020,59.3
3888,13JUN2020,52.5
3889,14JUN2020,53.8
3890,15JUN2020,53.5
3891,16JUN2020,54.8
3892,17JUN2020,53.8
3893,18JUN2020,62.1
3894,19JUN2020,60.7
3895,20JUN2020,58.2
3896,21JUN2020,57.1
3897,22JUN2020,55.8
3898,23JUN2020,63.0
3899,24JUN2020,68.9
3900,25JUN2020,67.5
3901,26JUN2020,67.3
3902,27JUN2020,61.2
3903,28JUN2020,59.6
3904,29JUN2020,59.3
3905,30JUN2020,62.9
3906,01JUL2020,68.3
3907,02JUL2020,64.1
3908,03JUL2020,62.2
3909,04JUL2020,58.5
3910,05JUL2020,56.5
3911,06JUL2020,55.7
3912,07JUL2020,61.6
3913,01APR2020,60.7
3914,02APR2020,62.6
3915,03APR2020,64.6
3916,04APR2020,60.0
3917,05APR2020,60.3
3918,06APR2020,63.8
3919,07APR2020,65.3
3920,08APR2020,65.5
3921,09APR2020,64.4
3922,10APR2020,62.7
3923,11APR2020,62.8
3924,12APR2020,64.7
3925,13APR2020,65.8
3926,14APR2020,64.8
3927,15APR2020,67.4
3928,16APR2020,70.3
3929,17APR2020,69.5
3930,18APR2020,66.4
3931,19APR2020,65.0
3932,20APR2020,68.5
3933,21APR2020,69.9
3934,22APR2020,68.8
3935,23APR2020,66.2
3936,24APR2020,68.4
3937,25APR2020,62.9
3938,26APR2020,67.4
3939,27APR2020,69.9
3940,28APR2020,70.8
3941,29APR2020,76.8
3942,30APR2020,74.7
3943,01MAY2020,68.4
3944,02MAY2020,73.1
3945,03MAY2020,65.4
3946,04MAY2020,65.6
3947,05MAY2020,66.1
3948,06MAY2020,66.8
3949,07MAY2020,66.6
3950,08MAY2020,67.6
3951,09MAY2020,69.6
3952,10MAY2020,67.3
3953,11MAY2020,61.2
3954,12MAY2020,64.4
3955,13MAY2020,83.3
3956,14MAY2020,83.8
3957,15MAY2020,85.1
3958,16MAY2020,77.5
3959,17MAY2020,54.9
3960,18MAY2020,55.5
3961,19MAY2020,77.0
3962,20MAY2020,83.3
3963,21MAY2020,79.7
3964,22MAY2020,80.3
3965,23MAY2020,79.0
3966,24MAY2020,79.8
3967,25MAY2020,74.0
3968,26MAY2020,77.4
3969,27MAY2020,85.4
3970,28MAY2020,83.7
3971,29MAY2020,83.5
3972,30MAY2020,81.3
3973,31MAY2020,82.2
3974,01JUN2020,82.8
3975,02JUN2020,85.1
3976,03JUN2020,86.4
3977,04JUN2020,88.4
3978,05JUN2020,85.2
3979,06JUN2020,82.4
3980,07JUN2020,83.0
3981,08JUN2020,82.7
3982,09JUN2020,79.9
3983,10JUN2020,83.9
3984,11JUN2020,83.6
3985,12JUN2020,82.3
3986,13JUN2020,73.4
3987,14JUN2020,77.6
3988,15JUN2020,78.9
3989,16JUN2020,74.6
3990,17JUN2020,74.6
3991,18JUN2020,75.6
3992,19JUN2020,80.2
3993,20JUN2020,79.3
3994,21JUN2020,76.4
3995,22JUN2020,76.7
3996,23JUN2020,83.7
3997,24JUN2020,84.8
3998,25JUN2020,84.0
3999,26JUN2020,87.4
4000,27JUN2020,84.4
4001,28JUN2020,75.2
4002,29JUN2020,78.9
4003,30JUN2020,79.3
4004,01JUL2020,82.6
4005,02JUL2020,84.3
4006,03JUL2020,80.7
4007,04JUL2020,75.4
4008,05JUL2020,74.5
4009,06JUL2020,75.9
4010,07JUL2020,81.8
4011,01APR2020,56.4
4012,02APR2020,56.2
4013,03APR2020,52.4
4014,04APR2020,49.6
4015,05APR2020,49.6
4016,06APR2020,51.1
4017,07APR2020,54.5
4018,08APR2020,56.1
4019,09APR2020,50.4
4020,10APR2020,52.4
4021,11APR2020,52.3
4022,12APR2020,51.2
4023,13APR2020,54.5
4024,14APR2020,57.5
4025,15APR2020,58.6
4026,16APR2020,58.3
4027,17APR2020,56.7
4028,18APR2020,54.5
4029,19APR2020,54.1
4030,20APR2020,55.4
4031,21APR2020,58.1
4032,22APR2020,58.8
4033,23APR2020,58.8
4034,24APR2020,57.9
4035,25APR2020,57.0
4036,26APR2020,57.4
4037,27APR2020,58.4
4038,28APR2020,62.0
4039,29APR2020,61.9
4040,30APR2020,63.3
4041,01MAY2020,61.3
4042,02MAY2020,59.9
4043,03MAY2020,58.3
4044,04MAY2020,60.7
4045,05MAY2020,63.8
4046,06MAY2020,65.3
4047,07MAY2020,64.7
4048,08MAY2020,63.8
4049,09MAY2020,61.7
4050,10MAY2020,61.0
4051,11MAY2020,62.5
4052,12MAY2020,65.4
4053,13MAY2020,67.0
4054,14MAY2020,67.5
4055,15MAY2020,66.2
4056,16MAY2020,63.1
4057,17MAY2020,61.9
4058,18MAY2020,63.5
4059,19MAY2020,68.2
4060,20MAY2020,71.0
4061,21MAY2020,68.3
4062,22MAY2020,67.7
4063,23MAY2020,64.2
4064,24MAY2020,62.5
4065,25MAY2020,59.3
4066,26MAY2020,65.5
4067,27MAY2020,69.2
4068,28MAY2020,70.3
4069,29MAY2020,68.5
4070,30MAY2020,63.4
4071,31MAY2020,62.4
4072,01JUN2020,64.3
4073,02JUN2020,69.3
4074,03JUN2020,71.3
4075,04JUN2020,71.5
4076,05JUN2020,69.7
4077,06JUN2020,66.3
4078,07JUN2020,64.7
4079,08JUN2020,66.7
4080,09JUN2020,71.5
4081,10JUN2020,72.8
4082,11JUN2020,72.5
4083,12JUN2020,72.1
4084,13JUN2020,66.8
4085,14JUN2020,65.3
4086,15JUN2020,65.7
4087,16JUN2020,68.9
4088,17JUN2020,71.9
4089,18JUN2020,72.0
4090,19JUN2020,70.4
4091,20JUN2020,68.1
4092,21JUN2020,65.6
4093,22JUN2020,68.1
4094,23JUN2020,73.2
4095,24JUN2020,73.7
4096,25JUN2020,74.1
4097,26JUN2020,74.0
4098,27JUN2020,70.6
4099,28JUN2020,64.1
4100,29JUN2020,69.4
4101,30JUN2020,72.8
4102,01JUL2020,73.2
4103,02JUL2020,73.1
4104,03JUL2020,71.4
4105,04JUL2020,67.3
4106,05JUL2020,67.0
4107,06JUL2020,69.7
4108,07JUL2020,74.3
4109,01APR2020,22.8
4110,02APR2020,27.4
4111,03APR2020,24.7
4112,04APR2020,18.9
4113,05APR2020,17.4
4114,06APR2020,20.3
4115,07APR2020,20.9
4116,08APR2020,23.2
4117,09APR2020,20.7
4118,10APR2020,22.6
4119,11APR2020,23.3
4120,12APR2020,19.3
4121,13APR2020,23.7
4122,14APR2020,25.4
4123,15APR2020,28.2
4124,16APR2020,29.7
4125,17APR2020,27.8
4126,18APR2020,25.9
4127,19APR2020,23.5
4128,20APR2020,25.6
4129,21APR2020,18.8
4130,22APR2020,23.4
4131,23APR2020,25.2
4132,24APR2020,24.4
4133,25APR2020,22.7
4134,26APR2020,16.9
4135,27APR2020,21.8
4136,28APR2020,37.6
4137,29APR2020,45.0
4138,30APR2020,41.3
4139,01MAY2020,40.4
4140,02MAY2020,39.8
4141,03MAY2020,35.8
4142,04MAY2020,38.5
4143,05MAY2020,31.8
4144,06MAY2020,33.9
4145,07MAY2020,40.6
4146,08MAY2020,40.9
4147,09MAY2020,43.5
4148,10MAY2020,43.9
4149,11MAY2020,42.7
4150,12MAY2020,43.2
4151,13MAY2020,43.2
4152,14MAY2020,42.8
4153,15MAY2020,43.6
4154,16MAY2020,42.4
4155,17MAY2020,40.7
4156,18MAY2020,43.4
4157,19MAY2020,44.7
4158,20MAY2020,46.2
4159,21MAY2020,46.8
4160,22MAY2020,46.4
4161,23MAY2020,33.5
4162,24MAY2020,38.4
4163,25MAY2020,31.3
4164,26MAY2020,34.1
4165,27MAY2020,40.8
4166,28MAY2020,44.9
4167,29MAY2020,44.3
4168,30MAY2020,38.4
4169,31MAY2020,33.4
4170,01JUN2020,36.1
4171,02JUN2020,30.0
4172,03JUN2020,44.0
4173,04JUN2020,47.1
4174,05JUN2020,44.6
4175,06JUN2020,42.9
4176,07JUN2020,45.6
4177,08JUN2020,42.6
4178,09JUN2020,47.7
4179,10JUN2020,47.0
4180,11JUN2020,49.0
4181,12JUN2020,46.9
4182,13JUN2020,45.8
4183,14JUN2020,44.4
4184,15JUN2020,46.5
4185,16JUN2020,48.5
4186,17JUN2020,52.5
4187,18JUN2020,57.3
4188,19JUN2020,54.5
4189,20JUN2020,51.7
4190,21JUN2020,48.7
4191,22JUN2020,49.0
4192,23JUN2020,53.3
4193,24JUN2020,32.1
4194,25JUN2020,40.3
4195,26JUN2020,35.6
4196,27JUN2020,32.4
4197,28JUN2020,40.0
4198,29JUN2020,43.1
4199,30JUN2020,55.3
4200,01JUL2020,55.5
4201,02JUL2020,53.6
4202,03JUL2020,48.6
4203,04JUL2020,45.4
4204,05JUL2020,44.0
4205,06JUL2020,46.4
4206,07JUL2020,49.3
4207,15APR2020,51.7
4208,16APR2020,52.6
4209,17APR2020,51.5
4210,18APR2020,50.1
4211,19APR2020,49.0
4212,20APR2020,51.8
4213,21APR2020,53.2
4214,22APR2020,53.9
4215,23APR2020,54.3
4216,24APR2020,54.3
4217,25APR2020,52.4
4218,26APR2020,52.1
4219,27APR2020,53.3
4220,28APR2020,54.6
4221,29APR2020,56.4
4222,30APR2020,55.9
4223,01MAY2020,55.2
4224,02MAY2020,53.0
4225,03MAY2020,53.4
4226,04MAY2020,54.9
4227,05MAY2020,59.6
4228,06MAY2020,58.3
4229,07MAY2020,57.9
4230,08MAY2020,57.8
4231,09MAY2020,55.0
4232,10MAY2020,53.5
4233,11MAY2020,56.3
4234,12MAY2020,58.2
4235,13MAY2020,59.7
4236,14MAY2020,59.2
4237,15MAY2020,58.2
4238,16MAY2020,56.1
4239,17MAY2020,54.5
4240,18MAY2020,56.2
4241,19MAY2020,60.1
4242,20MAY2020,61.6
4243,21MAY2020,61.5
4244,22MAY2020,61.5
4245,23MAY2020,58.3
4246,24MAY2020,56.0
4247,25MAY2020,55.5
4248,26MAY2020,57.8
4249,27MAY2020,60.4
4250,28MAY2020,62.1
4251,29MAY2020,63.0
4252,30MAY2020,59.4
4253,31MAY2020,56.7
4254,01JUN2020,59.1
4255,02JUN2020,61.2
4256,03JUN2020,61.6
4257,04JUN2020,61.0
4258,05JUN2020,62.8
4259,06JUN2020,60.7
4260,07JUN2020,59.2
4261,08JUN2020,60.5
4262,09JUN2020,62.9
4263,10JUN2020,65.7
4264,11JUN2020,65.3
4265,12JUN2020,64.3
4266,13JUN2020,61.2
4267,14JUN2020,59.1
4268,15JUN2020,60.8
4269,16JUN2020,63.2
4270,17JUN2020,63.1
4271,18JUN2020,63.5
4272,19JUN2020,62.5
4273,20JUN2020,58.9
4274,21JUN2020,58.2
4275,22JUN2020,58.3
4276,23JUN2020,63.3
4277,24JUN2020,63.9
4278,25JUN2020,64.3
4279,26JUN2020,63.5
4280,27JUN2020,61.3
4281,28JUN2020,60.5
4282,29JUN2020,61.8
4283,30JUN2020,64.4
4284,01JUL2020,64.6
4285,02JUL2020,64.2
4286,03JUL2020,63.6
4287,04JUL2020,59.7
4288,05JUL2020,58.1
4289,06JUL2020,60.7
4290,07JUL2020,64.7
4291,01APR2020,52.4
4292,02APR2020,53.2
4293,03APR2020,53.8
4294,04APR2020,51.7
4295,05APR2020,50.1
4296,06APR2020,52.1
4297,07APR2020,53.5
4298,08APR2020,53.7
4299,09APR2020,54.1
4300,10APR2020,53.0
4301,11APR2020,50.9
4302,12APR2020,50.9
4303,13APR2020,49.7
4304,14APR2020,51.8
4305,15APR2020,51.5
4306,16APR2020,54.2
4307,17APR2020,53.5
4308,18APR2020,52.9
4309,19APR2020,51.6
4310,20APR2020,52.9
4311,21APR2020,54.8
4312,22APR2020,56.0
4313,23APR2020,55.9
4314,24APR2020,56.0
4315,25APR2020,54.6
4316,26APR2020,53.8
4317,27APR2020,54.8
4318,28APR2020,57.1
4319,29APR2020,58.9
4320,30APR2020,58.3
4321,01MAY2020,57.8
4322,02MAY2020,56.6
4323,03MAY2020,55.5
4324,04MAY2020,57.2
4325,05MAY2020,60.5
4326,06MAY2020,61.9
4327,07MAY2020,59.6
4328,08MAY2020,59.4
4329,09MAY2020,58.5
4330,10MAY2020,56.5
4331,11MAY2020,58.2
4332,12MAY2020,61.1
4333,13MAY2020,63.0
4334,14MAY2020,63.9
4335,15MAY2020,63.1
4336,16MAY2020,59.7
4337,17MAY2020,58.7
4338,18MAY2020,60.3
4339,19MAY2020,64.3
4340,20MAY2020,65.8
4341,21MAY2020,65.6
4342,22MAY2020,64.5
4343,23MAY2020,62.7
4344,24MAY2020,61.3
4345,25MAY2020,60.8
4346,26MAY2020,61.6
4347,27MAY2020,66.0
4348,28MAY2020,65.4
4349,29MAY2020,66.6
4350,30MAY2020,64.0
4351,31MAY2020,62.4
4352,01JUN2020,63.0
4353,02JUN2020,64.4
4354,03JUN2020,66.2
4355,04JUN2020,66.2
4356,05JUN2020,66.2
4357,06JUN2020,65.2
4358,07JUN2020,62.6
4359,08JUN2020,65.0
4360,09JUN2020,65.1
4361,10JUN2020,64.2
4362,11JUN2020,64.3
4363,12JUN2020,64.7
4364,13JUN2020,61.4
4365,14JUN2020,60.5
4366,15JUN2020,62.1
4367,16JUN2020,68.2
4368,17JUN2020,68.2
4369,18JUN2020,66.1
4370,19JUN2020,65.0
4371,20JUN2020,62.4
4372,21JUN2020,60.3
4373,22JUN2020,62.0
4374,23JUN2020,68.2
4375,24JUN2020,68.3
4376,25JUN2020,66.9
4377,26JUN2020,65.2
4378,27JUN2020,61.7
4379,28JUN2020,60.6
4380,29JUN2020,62.3
4381,30JUN2020,65.0
4382,01JUL2020,69.2
4383,02JUL2020,69.4
4384,03JUL2020,64.9
4385,04JUL2020,62.8
4386,05JUL2020,62.4
4387,06JUL2020,64.5
4388,07JUL2020,68.9
4389,01APR2020,60.0
4390,02APR2020,48.8
4391,03APR2020,50.6
4392,04APR2020,44.7
4393,05APR2020,43.3
4394,06APR2020,43.0
4395,07APR2020,47.5
4396,08APR2020,49.1
4397,09APR2020,60.2
4398,10APR2020,57.9
4399,11APR2020,54.5
4400,12APR2020,47.6
4401,13APR2020,43.0
4402,14APR2020,43.8
4403,15APR2020,45.0
4404,16APR2020,46.5
4405,17APR2020,47.3
4406,18APR2020,46.3
4407,19APR2020,45.6
4408,20APR2020,38.7
4409,21APR2020,41.1
4410,22APR2020,46.9
4411,23APR2020,46.4
4412,24APR2020,47.0
4413,25APR2020,47.2
4414,26APR2020,42.2
4415,27APR2020,44.4
4416,28APR2020,47.6
4417,29APR2020,46.1
4418,30APR2020,46.1
4419,01MAY2020,44.7
4420,02MAY2020,43.7
4421,03MAY2020,42.1
4422,04MAY2020,45.0
4423,05MAY2020,46.4
4424,06MAY2020,47.7
4425,07MAY2020,50.2
4426,08MAY2020,47.9
4427,09MAY2020,48.1
4428,10MAY2020,44.3
4429,11MAY2020,44.2
4430,12MAY2020,48.9
4431,13MAY2020,50.0
4432,14MAY2020,49.8
4433,15MAY2020,49.3
4434,16MAY2020,46.3
4435,17MAY2020,46.5
4436,18MAY2020,45.0
4437,19MAY2020,51.0
4438,20MAY2020,52.3
4439,21MAY2020,52.7
4440,22MAY2020,50.3
4441,23MAY2020,50.0
4442,24MAY2020,47.1
4443,25MAY2020,45.1
4444,26MAY2020,49.4
4445,27MAY2020,51.7
4446,28MAY2020,52.6
4447,29MAY2020,55.1
4448,30MAY2020,51.7
4449,31MAY2020,51.0
4450,01JUN2020,47.1
4451,02JUN2020,52.6
4452,03JUN2020,56.2
4453,04JUN2020,55.4
4454,05JUN2020,54.4
4455,06JUN2020,51.1
4456,07JUN2020,49.3
4457,08JUN2020,48.4
4458,09JUN2020,53.3
4459,10JUN2020,55.2
4460,11JUN2020,56.1
4461,12JUN2020,55.1
4462,13JUN2020,51.0
4463,14JUN2020,50.0
4464,15JUN2020,53.5
4465,16JUN2020,55.3
4466,17JUN2020,58.0
4467,18JUN2020,56.8
4468,19JUN2020,54.4
4469,20JUN2020,53.3
4470,21JUN2020,48.0
4471,22JUN2020,52.4
4472,23JUN2020,54.4
4473,24JUN2020,49.9
4474,25JUN2020,57.4
4475,26JUN2020,54.8
4476,27JUN2020,52.5
4477,28JUN2020,51.5
4478,29JUN2020,54.0
4479,30JUN2020,55.4
4480,01JUL2020,57.4
4481,02JUL2020,57.6
4482,03JUL2020,51.7
4483,04JUL2020,48.5
4484,05JUL2020,49.2
4485,06JUL2020,53.8
4486,07JUL2020,58.9
4487,01APR2020,50.5
4488,02APR2020,51.4
4489,03APR2020,50.4
4490,04APR2020,50.1
4491,05APR2020,50.9
4492,06APR2020,52.3
4493,07APR2020,54.6
4494,08APR2020,55.1
4495,09APR2020,55.2
4496,10APR2020,56.6
4497,11APR2020,55.1
4498,12APR2020,53.7
4499,13APR2020,55.5
4500,14APR2020,47.2
4501,15APR2020,48.3
4502,16APR2020,48.2
4503,17APR2020,47.5
4504,18APR2020,46.7
4505,19APR2020,45.3
4506,20APR2020,47.0
4507,21APR2020,47.7
4508,22APR2020,48.2
4509,23APR2020,48.8
4510,24APR2020,48.4
4511,25APR2020,48.0
4512,26APR2020,47.9
4513,27APR2020,50.6
4514,28APR2020,51.3
4515,29APR2020,52.1
4516,30APR2020,51.7
4517,01MAY2020,52.1
4518,02MAY2020,49.7
4519,03MAY2020,50.6
4520,04MAY2020,53.8
4521,05MAY2020,55.7
4522,06MAY2020,55.5
4523,07MAY2020,55.3
4524,08MAY2020,55.0
4525,09MAY2020,53.1
4526,10MAY2020,52.3
4527,11MAY2020,54.4
4528,12MAY2020,54.0
4529,13MAY2020,55.1
4530,14MAY2020,55.2
4531,15MAY2020,55.3
4532,16MAY2020,53.3
4533,17MAY2020,53.8
4534,18MAY2020,55.3
4535,19MAY2020,57.2
4536,20MAY2020,57.7
4537,21MAY2020,57.5
4538,22MAY2020,56.5
4539,23MAY2020,55.1
4540,24MAY2020,53.3
4541,25MAY2020,52.6
4542,26MAY2020,54.0
4543,27MAY2020,55.0
4544,28MAY2020,55.3
4545,29MAY2020,57.6
4546,30MAY2020,56.5
4547,31MAY2020,54.6
4548,01JUN2020,54.0
4549,02JUN2020,54.1
4550,03JUN2020,56.1
4551,04JUN2020,57.1
4552,05JUN2020,56.5
4553,06JUN2020,51.8
4554,07JUN2020,54.2
4555,08JUN2020,55.4
4556,09JUN2020,56.2
4557,10JUN2020,54.2
4558,11JUN2020,57.6
4559,12JUN2020,57.2
4560,13JUN2020,55.2
4561,14JUN2020,53.6
4562,15JUN2020,53.2
4563,16JUN2020,54.7
4564,17JUN2020,55.4
4565,18JUN2020,59.2
4566,19JUN2020,57.5
4567,20JUN2020,55.7
4568,21JUN2020,52.5
4569,22JUN2020,55.9
4570,23JUN2020,58.7
4571,24JUN2020,55.5
4572,25JUN2020,58.9
4573,26JUN2020,58.4
4574,27JUN2020,56.5
4575,28JUN2020,55.9
4576,29JUN2020,57.3
4577,30JUN2020,59.5
4578,01JUL2020,60.0
4579,02JUL2020,60.3
4580,03JUL2020,57.3
4581,04JUL2020,53.9
4582,05JUL2020,52.8
4583,06JUL2020,55.7
4584,07JUL2020,59.5
4585,01APR2020,56.5
4586,02APR2020,47.8
4587,03APR2020,47.8
4588,04APR2020,44.1
4589,05APR2020,46.9
4590,06APR2020,46.6
4591,07APR2020,47.3
4592,08APR2020,51.7
4593,09APR2020,49.8
4594,10APR2020,49.9
4595,11APR2020,47.6
4596,12APR2020,44.6
4597,13APR2020,45.1
4598,14APR2020,48.5
4599,15APR2020,49.5
4600,16APR2020,49.5
4601,17APR2020,48.4
4602,18APR2020,48.3
4603,19APR2020,46.7
4604,20APR2020,47.2
4605,21APR2020,47.9
4606,22APR2020,49.4
4607,23APR2020,48.6
4608,24APR2020,46.4
4609,25APR2020,47.0
4610,26APR2020,48.2
4611,27APR2020,48.5
4612,28APR2020,50.7
4613,29APR2020,51.8
4614,30APR2020,52.1
4615,01MAY2020,50.8
4616,02MAY2020,51.3
4617,03MAY2020,48.0
4618,04MAY2020,48.7
4619,05MAY2020,51.3
4620,06MAY2020,53.3
4621,07MAY2020,49.8
4622,08MAY2020,51.9
4623,09MAY2020,49.8
4624,10MAY2020,48.4
4625,11MAY2020,50.4
4626,12MAY2020,53.7
4627,13MAY2020,55.2
4628,14MAY2020,55.4
4629,15MAY2020,53.8
4630,16MAY2020,52.0
4631,17MAY2020,51.9
4632,18MAY2020,52.1
4633,19MAY2020,55.3
4634,20MAY2020,55.9
4635,21MAY2020,58.8
4636,22MAY2020,59.7
4637,23MAY2020,57.5
4638,24MAY2020,53.6
4639,25MAY2020,55.4
4640,26MAY2020,57.0
4641,27MAY2020,61.6
4642,28MAY2020,60.6
4643,29MAY2020,63.6
4644,30MAY2020,61.3
4645,31MAY2020,55.3
4646,01JUN2020,54.2
4647,02JUN2020,57.2
4648,03JUN2020,57.2
4649,04JUN2020,53.6
4650,05JUN2020,57.3
4651,06JUN2020,54.5
4652,07JUN2020,54.2
4653,08JUN2020,53.9
4654,09JUN2020,63.7
4655,10JUN2020,64.3
4656,11JUN2020,60.0
4657,12JUN2020,61.3
4658,13JUN2020,58.7
4659,14JUN2020,57.3
4660,15JUN2020,59.7
4661,16JUN2020,58.2
4662,17JUN2020,55.6
4663,18JUN2020,59.4
4664,19JUN2020,62.3
4665,20JUN2020,53.6
4666,21JUN2020,56.1
4667,22JUN2020,61.4
4668,23JUN2020,62.4
4669,24JUN2020,60.9
4670,25JUN2020,65.6
4671,26JUN2020,63.5
4672,27JUN2020,66.0
4673,28JUN2020,60.6
4674,29JUN2020,58.1
4675,30JUN2020,60.1
4676,01JUL2020,60.5
4677,02JUL2020,59.5
4678,03JUL2020,59.9
4679,04JUL2020,57.4
4680,05JUL2020,58.1
4681,06JUL2020,57.8
4682,07JUL2020,62.5
4683,15APR2020,46.7
4684,16APR2020,43.5
4685,17APR2020,44.2
4686,18APR2020,43.8
4687,19APR2020,44.0
4688,20APR2020,42.7
4689,21APR2020,45.6
4690,22APR2020,46.9
4691,23APR2020,47.1
4692,24APR2020,49.4
4693,25APR2020,49.2
4694,26APR2020,51.8
4695,27APR2020,57.0
4696,28APR2020,56.4
4697,29APR2020,58.7
4698,30APR2020,51.1
4699,01MAY2020,57.4
4700,02MAY2020,52.3
4701,03MAY2020,48.6
4702,04MAY2020,47.3
4703,05MAY2020,49.9
4704,06MAY2020,50.7
4705,07MAY2020,49.9
4706,08MAY2020,48.7
4707,09MAY2020,63.0
4708,10MAY2020,62.7
4709,11MAY2020,63.2
4710,12MAY2020,66.6
4711,13MAY2020,66.7
4712,14MAY2020,66.9
4713,15MAY2020,66.0
4714,16MAY2020,69.1
4715,17MAY2020,72.5
4716,18MAY2020,73.9
4717,19MAY2020,77.4
4718,20MAY2020,79.8
4719,21MAY2020,79.2
4720,22MAY2020,80.6
4721,23MAY2020,78.6
4722,24MAY2020,74.3
4723,25MAY2020,73.6
4724,26MAY2020,76.0
4725,27MAY2020,80.9
4726,28MAY2020,85.5
4727,29MAY2020,80.0
4728,30MAY2020,78.0
4729,31MAY2020,76.1
4730,01JUN2020,76.3
4731,02JUN2020,81.0
4732,03JUN2020,79.4
4733,04JUN2020,78.1
4734,05JUN2020,78.7
4735,06JUN2020,71.0
4736,07JUN2020,66.7
4737,08JUN2020,77.3
4738,09JUN2020,83.9
4739,10JUN2020,91.4
4740,11JUN2020,84.6
4741,12JUN2020,67.0
4742,13JUN2020,61.4
4743,14JUN2020,59.7
4744,15JUN2020,61.9
4745,16JUN2020,66.8
4746,17JUN2020,63.2
4747,18JUN2020,64.5
4748,19JUN2020,69.4
4749,20JUN2020,62.1
4750,21JUN2020,59.0
4751,22JUN2020,66.6
4752,23JUN2020,71.6
4753,24JUN2020,70.7
4754,25JUN2020,73.3
4755,26JUN2020,73.5
4756,27JUN2020,63.9
4757,28JUN2020,62.8
4758,29JUN2020,69.1
4759,30JUN2020,68.0
4760,01JUL2020,56.9
4761,02JUL2020,52.2
4762,03JUL2020,53.7
4763,04JUL2020,50.3
4764,05JUL2020,49.2
4765,06JUL2020,49.3
4766,07JUL2020,54.1
4767,15APR2020,39.5
4768,16APR2020,39.3
4769,17APR2020,39.9
4770,18APR2020,39.5
4771,19APR2020,38.8
4772,20APR2020,39.2
4773,21APR2020,41.0
4774,22APR2020,43.2
4775,23APR2020,42.5
4776,24APR2020,42.0
4777,25APR2020,40.9
4778,26APR2020,41.1
4779,27APR2020,43.1
4780,28APR2020,44.1
4781,29APR2020,44.0
4782,30APR2020,44.8
4783,01MAY2020,44.7
4784,02MAY2020,42.4
4785,03MAY2020,42.9
4786,04MAY2020,45.8
4787,05MAY2020,46.4
4788,06MAY2020,48.2
4789,07MAY2020,48.3
4790,08MAY2020,47.0
4791,09MAY2020,44.5
4792,10MAY2020,42.2
4793,11MAY2020,45.2
4794,12MAY2020,47.3
4795,13MAY2020,46.4
4796,14MAY2020,47.0
4797,15MAY2020,48.0
4798,16MAY2020,45.1
4799,17MAY2020,42.7
4800,18MAY2020,44.5
4801,19MAY2020,48.1
4802,20MAY2020,49.9
4803,21MAY2020,50.3
4804,22MAY2020,48.2
4805,23MAY2020,46.9
4806,24MAY2020,46.4
4807,25MAY2020,47.3
4808,26MAY2020,49.5
4809,27MAY2020,49.5
4810,28MAY2020,50.4
4811,29MAY2020,55.6
4812,30MAY2020,51.7
4813,31MAY2020,46.0
4814,01JUN2020,48.3
4815,02JUN2020,51.3
4816,03JUN2020,47.0
4817,04JUN2020,50.8
4818,05JUN2020,48.7
4819,06JUN2020,47.7
4820,07JUN2020,47.3
4821,08JUN2020,49.0
4822,09JUN2020,53.2
4823,10JUN2020,48.6
4824,11JUN2020,52.0
4825,12JUN2020,52.2
4826,13JUN2020,47.4
4827,14JUN2020,47.5
4828,15JUN2020,49.3
4829,16JUN2020,51.0
4830,17JUN2020,53.1
4831,18JUN2020,53.5
4832,19JUN2020,52.8
4833,20JUN2020,51.0
4834,21JUN2020,47.7
4835,22JUN2020,47.1
4836,23JUN2020,51.7
4837,24JUN2020,47.0
4838,25JUN2020,54.3
4839,26JUN2020,54.1
4840,27JUN2020,51.3
4841,28JUN2020,45.2
4842,29JUN2020,47.4
4843,30JUN2020,51.4
4844,01JUL2020,52.5
4845,02JUL2020,51.9
4846,03JUL2020,48.8
4847,04JUL2020,43.8
4848,05JUL2020,44.5
4849,06JUL2020,47.5
4850,07JUL2020,52.4
4851,15APR2020,52.2
4852,16APR2020,51.3
4853,17APR2020,52.5
4854,18APR2020,51.9
4855,19APR2020,51.6
4856,20APR2020,54.4
4857,21APR2020,55.9
4858,22APR2020,56.7
4859,23APR2020,57.0
4860,24APR2020,56.1
4861,25APR2020,53.7
4862,26APR2020,54.5
4863,27APR2020,56.4
4864,28APR2020,56.5
4865,29APR2020,58.4
4866,30APR2020,58.4
4867,01MAY2020,57.8
4868,02MAY2020,55.0
4869,03MAY2020,55.6
4870,04MAY2020,58.9
4871,05MAY2020,60.1
4872,06MAY2020,60.2
4873,07MAY2020,60.7
4874,08MAY2020,59.7
4875,09MAY2020,56.8
4876,10MAY2020,56.0
4877,11MAY2020,60.6
4878,12MAY2020,63.4
4879,13MAY2020,67.4
4880,14MAY2020,65.4
4881,15MAY2020,63.7
4882,16MAY2020,63.2
4883,17MAY2020,60.1
4884,18MAY2020,63.7
4885,19MAY2020,66.9
4886,20MAY2020,67.7
4887,21MAY2020,66.6
4888,22MAY2020,66.0
4889,23MAY2020,60.1
4890,24MAY2020,59.4
4891,25MAY2020,61.9
4892,26MAY2020,64.9
4893,27MAY2020,68.6
4894,28MAY2020,68.8
4895,29MAY2020,66.6
4896,30MAY2020,64.9
4897,31MAY2020,62.5
4898,01JUN2020,62.4
4899,02JUN2020,67.0
4900,03JUN2020,69.6
4901,04JUN2020,71.4
4902,05JUN2020,70.0
4903,06JUN2020,67.1
4904,07JUN2020,63.5
4905,08JUN2020,65.3
4906,09JUN2020,70.2
4907,10JUN2020,64.7
4908,11JUN2020,71.3
4909,12JUN2020,70.0
4910,13JUN2020,66.2
4911,14JUN2020,63.2
4912,15JUN2020,65.0
4913,16JUN2020,69.6
4914,17JUN2020,70.0
4915,18JUN2020,72.7
4916,19JUN2020,72.5
4917,20JUN2020,69.5
4918,21JUN2020,66.9
4919,22JUN2020,65.5
4920,23JUN2020,69.8
4921,24JUN2020,72.2
4922,25JUN2020,72.2
4923,26JUN2020,70.2
4924,27JUN2020,65.8
4925,28JUN2020,63.1
4926,29JUN2020,64.6
4927,30JUN2020,69.5
4928,01JUL2020,70.4
4929,02JUL2020,69.6
4930,03JUL2020,68.0
4931,04JUL2020,63.9
4932,05JUL2020,62.3
4933,06JUL2020,64.5
4934,07JUL2020,69.5
4935,01APR2020,33.2
4936,02APR2020,32.9
4937,03APR2020,32.4
4938,04APR2020,31.7
4939,05APR2020,30.2
4940,06APR2020,28.2
4941,07APR2020,32.6
4942,08APR2020,34.1
4943,09APR2020,34.2
4944,10APR2020,34.6
4945,11APR2020,31.0
4946,12APR2020,33.5
4947,13APR2020,33.6
4948,14APR2020,34.3
4949,15APR2020,37.5
4950,16APR2020,37.1
4951,17APR2020,34.5
4952,18APR2020,32.5
4953,19APR2020,31.3
4954,20APR2020,31.8
4955,21APR2020,35.3
4956,22APR2020,37.2
4957,23APR2020,37.6
4958,24APR2020,38.2
4959,25APR2020,37.3
4960,26APR2020,34.9
4961,27APR2020,36.8
4962,28APR2020,41.8
4963,29APR2020,41.9
4964,30APR2020,42.6
4965,01MAY2020,36.7
4966,02MAY2020,39.3
4967,03MAY2020,36.0
4968,04MAY2020,39.1
4969,05MAY2020,41.7
4970,06MAY2020,43.5
4971,07MAY2020,44.6
4972,08MAY2020,45.6
4973,09MAY2020,41.2
4974,10MAY2020,38.8
4975,11MAY2020,39.9
4976,12MAY2020,44.7
4977,13MAY2020,44.0
4978,14MAY2020,46.2
4979,15MAY2020,44.3
4980,16MAY2020,40.7
4981,17MAY2020,42.5
4982,18MAY2020,43.0
4983,19MAY2020,45.1
4984,20MAY2020,45.6
4985,21MAY2020,49.3
4986,22MAY2020,46.2
4987,23MAY2020,40.3
4988,24MAY2020,37.8
4989,25MAY2020,34.6
4990,26MAY2020,39.6
4991,27MAY2020,47.0
4992,28MAY2020,41.3
4993,29MAY2020,43.1
4994,30MAY2020,41.1
4995,31MAY2020,37.0
4996,01JUN2020,39.4
4997,02JUN2020,44.3
4998,03JUN2020,54.2
4999,04JUN2020,46.0
5000,05JUN2020,44.7
5001,06JUN2020,47.3
5002,07JUN2020,38.6
5003,08JUN2020,41.1
5004,09JUN2020,51.4
5005,10JUN2020,52.4
5006,11JUN2020,49.6
5007,12JUN2020,53.5
5008,13JUN2020,51.7
5009,14JUN2020,47.3
5010,15JUN2020,47.3
5011,16JUN2020,52.9
5012,17JUN2020,54.7
5013,18JUN2020,56.5
5014,19JUN2020,52.6
5015,20JUN2020,47.8
5016,21JUN2020,43.6
5017,22JUN2020,45.2
5018,23JUN2020,50.8
5019,24JUN2020,52.4
5020,25JUN2020,51.3
5021,26JUN2020,49.4
5022,27JUN2020,45.8
5023,28JUN2020,43.8
5024,29JUN2020,48.2
5025,30JUN2020,51.9
5026,01JUL2020,52.0
5027,02JUL2020,49.1
5028,03JUL2020,47.0
5029,04JUL2020,48.7
5030,05JUL2020,47.0
5031,06JUL2020,44.3
5032,07JUL2020,44.2
